transaction_id,date,customer_id,amount
9f91b41c-c4dd-444e-a757-fc999f45ca11,2023-12-04,a66b92b3-431e-4033-ad1d-ddf5d93ddcf5,77.85
9161e56d-edaa-461a-b358-639dcb1946f8,2023-05-25,2d4b1aa9-ce0e-42c4-bd82-5b06025a9548,172.06
67acf502-8716-46f9-ae80-0d1b78a134fe,2023-10-07,2beebe68-00cd-4a77-9ac8-d394a5109a98,118.95
ef8dc186-c62b-4653-a489-2422037af188,2024-08-07,940753aa-23a9-48f5-b639-faa274af162e,18.06
8b6cedb7-6e27-478b-a53b-ebce2c09fe36,2025-01-25,366c34fd-7019-470f-bd27-ec1e46d591cf,172.66
a610393c-b7be-4f47-bd9c-80ea693b58dd,2023-08-28,238b1302-5b9c-4369-aa99-3b6181f27dd9,166.05
d8d83d71-76fe-43d9-973f-d359cde46aa6,2024-03-18,3bfbd44c-1a0a-4964-b81d-485360306ad6,172.56
cd73d102-6033-4855-a93d-3f170c98e72a,2024-04-07,273521c9-5e1a-4514-90df-ce69f0b5d10c,59.3
db037ca1-e41f-42a0-bd57-aa1bc2700da9,2024-06-22,25ba92e8-3fcb-4fda-99ef-9a995fa50070,157.71
3900eec3-f6e1-48cf-bf78-98f9f30a33d5,2024-02-13,79441ad6-8d0a-4b5c-b444-f6c3e9804b81,50.11
2c3e365d-4bf2-48c0-bc1d-00405d8b9b8b,2024-02-20,accc576f-3e1b-4c1a-a6cb-fe91809dd640,122.27
504b361c-8b55-4849-a7bb-29785301b517,2023-11-20,c0ed215a-fc81-4daa-b928-427236a90d33,192.9
79a6287a-442e-4249-9fed-ab599fcc5500,2024-12-20,58ea5d32-2634-4e44-a228-5db99e059909,59.48
0d5123d8-1fca-4315-9c29-826d67a36382,2024-08-23,380b04c3-7e30-4546-8f66-0c615e340d3e,98.51
9ab3e996-7f2e-447c-85e0-712e41970540,2024-12-06,c842e2e3-fdb4-4db5-8b7e-3bf8bd76466d,135.58
a4ef2b72-e33e-4433-b70a-4f7db9916dd2,2024-08-17,79441ad6-8d0a-4b5c-b444-f6c3e9804b81,130.11
ade34ed1-bf27-41c6-a380-2ab818f85c0b,2024-03-07,27c43738-30af-499d-a28a-58b78a1fd4b3,68.23
b1f11d41-8702-419c-8a2f-eec785259139,2025-03-07,25ba92e8-3fcb-4fda-99ef-9a995fa50070,81.86
3d238aa7-54f0-4651-bc84-fe9e3612214b,2024-08-30,5e9778bd-fd4c-48db-bec9-1df2da6ad40f,178.04
e89b5252-90a7-4f26-9f70-828b2e9d8049,2025-03-02,906424ab-25e4-480e-82fc-3ddcd26d8746,121.99
dfb19b9c-68b9-4f3a-8033-8865b7e6081c,2023-05-12,a66b92b3-431e-4033-ad1d-ddf5d93ddcf5,92.23
e7bc8af0-c807-4921-8859-8bbe7db747fc,2023-12-08,ab0be505-4745-4eed-b253-3d8b18b5f3c4,28.87
2b98320d-2c50-44d0-97ad-941c9f881bf8,2024-01-02,55739d26-4ae4-41db-9f7e-3da25ff6243d,135.25
8f79cb37-f586-44be-91e9-71ffa69bf098,2024-05-07,2d4b1aa9-ce0e-42c4-bd82-5b06025a9548,79.4
21815161-c5c4-423a-87e1-d3ed5bdd1c16,2023-12-20,0058a4f2-0077-4177-b5aa-b4e9c2447fb9,180.7
af03e85d-334d-4e31-a105-c1e99c7379fb,2025-03-19,28b18d8b-33c0-4dfd-8056-764f3e7c7d63,125.95
9c5ba44f-0ea6-4c96-bbd2-c66e101a7d70,2025-03-04,2a0776dc-674e-445b-8fce-0a8c320e391b,196.61
fd23124b-690d-454d-89f1-873bdbfd0d61,2024-01-23,710ad339-6e75-4866-976d-be0d9d03fc51,155.05
1f783891-b420-4ffb-8958-cf66116a253e,2024-09-26,807df000-847a-4131-92bd-33e4c93d9dfb,122.37
ab1caec3-6f36-4167-96a9-fc0821928f11,2023-11-01,f846984b-76b0-492e-86a8-81ae175a0a2d,103.37
c76e08e4-f334-4002-a5ab-27d9fcbf5031,2023-08-03,2e6062c4-59d4-417f-bcf9-2ad1f7b3a140,149.2
2790ab59-30c4-4a8f-bf40-cc1fd663ab0e,2023-08-03,b03773fb-6dec-4613-ab8d-c94dba4cbfc8,95.89
21b34cbd-8b36-4c7a-b71b-f5246af61504,2024-05-06,491e8d8d-2c63-444d-84ee-b2bce4f6a8ad,92.45
7394b566-28d0-4a69-b82e-b785a6202abf,2024-10-20,da560e70-a40b-403e-9579-a1af451d8a16,46.82
743dd77a-c409-4b9a-bfd1-960f1163d848,2024-11-06,ce7b1ebf-3f2e-4ca4-9003-92417283e6ab,65.78
563731de-200d-4e44-a996-267d10b62fe1,2025-04-08,2a0776dc-674e-445b-8fce-0a8c320e391b,27.4
7c144e26-216c-483e-8bc7-ac6a76bbe2f5,2024-10-12,01484ff6-b7d5-4790-812a-03669b7fa3a7,117.69
1b835486-602f-4eea-bab3-5de35d644387,2023-09-24,75d6ebd7-7418-4ee4-bab0-0035cd8d3a75,153.68
7bc65bc8-e01c-479e-a56b-f77c5f17ff05,2023-07-23,7f8d4003-201d-4d6b-a81c-832c79e18a8e,114.06
264f0546-439e-405e-8465-1015a16e8fe5,2023-12-03,aad990b5-3315-4769-9219-84c5ea1c54e8,43.21
d0200878-b3ed-4fc2-9fe5-eaa2113e7430,2024-07-05,cdf3e700-b4d1-4d21-9fb2-c235a4ae0a82,72.81
88bce8bc-ef8a-4f65-8884-f05fb85201c6,2024-02-03,810a1e78-f9cb-48a9-bc4e-027707a1a21b,159.56
ea3774d2-9520-4c07-81f7-56ac1963e7a0,2025-02-21,a89b04cc-d1fb-41a3-ab8e-e0b7b002c866,107.56
ae46927b-1e8e-4098-98ae-ffbcb3ab8dfa,2024-12-01,9e7e938f-8618-489e-b65e-fc3b70761156,44.15
04178511-f2f4-475a-b058-208b58353d25,2024-06-13,55739d26-4ae4-41db-9f7e-3da25ff6243d,145.21
8bdd6670-3aee-415e-9fcb-baba0dd15ef8,2024-07-13,3edd4b53-3cef-4f2f-8a3a-6bd3c7a6b54a,50.92
3a37b8a2-ef8d-4a6c-a7ab-f6bb5f199654,2025-01-19,d2939c60-e821-4165-bec0-2227defee975,58.6
1395fec6-8ed1-4f1e-ba8c-98711e9b6b8c,2024-02-27,b5c6eb62-a28c-48a0-8551-ab318a1df8a0,180.31
bfc1991b-28f9-489e-be65-6ca828a4c06d,2024-07-05,1d1a0849-86fd-4a1f-aeab-b3b06c665f77,56.64
2f25a5b2-c2e8-4423-8fba-bb537d23d1a3,2025-03-22,b03773fb-6dec-4613-ab8d-c94dba4cbfc8,125.75
d0997f6c-fc6e-46a2-9ee9-2dcb768c39b5,2024-08-15,7b3a3bf9-f3fb-4d55-a617-04ad6d85e972,96.43
43861344-8945-4cd3-b550-8ae4a8415faa,2023-06-03,5b227380-d28e-4918-8bd9-92a5b5c8a416,108.33
2ee83197-ce48-420d-8e3b-49d6cab5f138,2024-01-13,7b3a3bf9-f3fb-4d55-a617-04ad6d85e972,153.38
52779f1a-d1fe-4f9f-a4de-e1fafdca28a2,2024-03-04,02e8ee1e-eb4b-40de-ae78-e01f15872cff,108.67
48218b80-711c-4413-8ff6-4dd883d2c926,2023-10-12,fb84ca54-eaa8-44e4-846b-d7c81a321d02,174.92
f2d3dc3d-e37c-425f-9c15-614e48cadfe1,2024-06-26,2d4b1aa9-ce0e-42c4-bd82-5b06025a9548,68.68
59be68e2-903b-4e62-b61c-699d67144747,2024-11-12,b5c6eb62-a28c-48a0-8551-ab318a1df8a0,13.24
987bddaa-100d-43da-8672-8f8c2d2bdecf,2024-04-29,b86549e5-52d2-48f8-b85e-af444efcd487,16.03
e7ea928b-302f-4407-959a-20b607d236c1,2024-07-31,5c6a1b0b-97a5-47bd-a47b-2ec72cd862cd,76.37
dae3aca1-aec0-42c0-9053-62153ea93dae,2024-04-02,b2218b99-5757-4f7f-ba7c-e6f7d2de4bb4,159.53
a631db90-554b-4efc-9a0e-9a16c858354c,2024-09-22,b4716b32-65f4-4244-b0a9-5b3c6080e0c7,89.76
ea194128-06ed-4ef7-9b3d-30fdeace0432,2025-03-24,a5db0184-7f1b-4138-b05f-2f083245db21,32.73
c55a8993-fb63-4462-b430-079933c07643,2024-02-09,27569e41-2504-408d-8045-563f37a628e8,55.7
cde4e437-761c-492b-a5cc-3e9971682c03,2023-08-24,231c08b7-840c-45b8-a129-cd00bdb68c85,53.11
b2c33e19-6834-4b6d-9392-8673a0ee284c,2024-04-30,605c49b1-5cc9-48a7-83b5-0871f36f6c73,125.82
f84c4b97-1b56-4359-a5fc-24d2fdc46bff,2025-02-09,8dec112c-7a18-437a-89b3-91edf8bf1bac,27.56
fef90c55-8357-45bc-b46f-fffea5af79ad,2023-05-31,c7cd7f58-08e0-4db0-bf02-f0dc262a6108,138.44
e3dcc0ce-ea2b-4d9d-bd69-9e282a8f43fe,2024-08-19,4dee1975-fe4c-4dcd-8820-f69a7c11b7d6,177.98
6afa71f1-6fbb-4710-82f3-f62bdaccc83a,2023-08-24,da40198e-e83e-47b1-84c7-87a8f8d772d6,149.78
38e223ae-764f-498d-97eb-b04bc61237f4,2023-07-15,ce7b1ebf-3f2e-4ca4-9003-92417283e6ab,165.56
1501ca1c-554d-4e03-a901-9b7329e7a5d6,2023-06-13,f846984b-76b0-492e-86a8-81ae175a0a2d,177.54
f1a493dd-d2a6-46dc-b6a3-919efc0254af,2024-01-18,26be622a-2536-4d78-9cd9-13fe3a4df4e3,26.42
fa00fdeb-4505-4c19-8cb2-0936bf752325,2025-01-19,b03773fb-6dec-4613-ab8d-c94dba4cbfc8,24.75
074d0e1f-8f26-4a89-b7fd-fec8b69ff263,2023-05-26,88f6be8f-b265-47ad-92ec-fe755c58a717,75.28
d1196fa9-bea9-4b69-8ad6-3852b5ea5092,2023-06-09,940753aa-23a9-48f5-b639-faa274af162e,71.17
3b30632f-75b8-4aca-bae8-9f86490a988f,2023-07-31,dc119bea-ccb1-4607-a67c-657c3608d7e6,129.78
ec08b661-56c5-4db0-b082-5719dbb6ba79,2024-01-31,5b227380-d28e-4918-8bd9-92a5b5c8a416,12.13
39cce588-0227-4656-a5be-cb42a66dee54,2024-04-25,5e9778bd-fd4c-48db-bec9-1df2da6ad40f,105.73
c27a708d-56a4-4961-8d75-3289600bc133,2023-10-09,b9c9af1a-d027-42c0-8f8e-d6f735a5957c,167.8
3f13fb62-d4e8-4450-a89a-3f0d549460c5,2023-12-08,167e074b-f5b7-4fc7-acf5-e71ae18ddd1d,181.23
f0671f82-d796-4afe-b10c-3119a09cad28,2024-05-17,92438639-305b-453e-9deb-99325dcae835,68.13
96d6545b-1de2-43d6-b08d-2c86f042face,2024-10-19,449eb337-96c9-4550-9724-ddf146972d28,96.24
2103d6ad-2cd8-4791-8bd1-baa8ea3467a4,2024-02-28,d2939c60-e821-4165-bec0-2227defee975,155.04
45392dc1-1949-4cdb-80a8-590998b73d93,2025-01-10,1d1a0849-86fd-4a1f-aeab-b3b06c665f77,139.75
1c68a7fe-6336-4d7a-aa0f-5620ca60e61f,2023-06-24,518293c8-d899-4a48-8655-c6951dd9b60c,199.92
c272b7dd-247e-46a7-a3c7-7804d06f0dc5,2025-02-24,3f1a3c76-4897-453f-9944-fa17328187d6,83.34
a7852755-9698-4178-9e83-ad070776ef81,2025-05-02,1d1a0849-86fd-4a1f-aeab-b3b06c665f77,154.61
f7962fc0-7ffc-4a05-a647-4f71d219afd8,2024-09-05,a66b92b3-431e-4033-ad1d-ddf5d93ddcf5,16.6
e6a43e4e-3898-4321-932f-5ebd356dba53,2023-09-14,a9c7e087-c36e-4e5b-9e63-c59b60dfb8dc,23.77
8c3a9a3f-965d-423b-a77d-2be13ae0b259,2023-05-18,940753aa-23a9-48f5-b639-faa274af162e,180.24
14a26d6f-2340-4568-9806-a84a1f27d41d,2023-11-06,438c34b7-e10b-4e35-b806-47fa2742e526,57.95
fd5b4da6-6386-4794-9cf0-706b4591800d,2025-01-16,ce7b1ebf-3f2e-4ca4-9003-92417283e6ab,103.14
c834446b-6296-47b4-b85c-a4e3afa177ba,2024-07-26,bde39c78-2cff-4e2c-b2e7-2b7e7a37e7d2,77.33
b7fab270-4487-474f-a63f-35258ae5a531,2024-05-22,27c43738-30af-499d-a28a-58b78a1fd4b3,12.89
e4f6b4af-1931-4c31-9ccc-91fc1bc0d73b,2024-07-09,fce4718e-8390-45f8-b9cb-629ac0e5f6aa,150.22
4a96a04e-0a8d-4fc6-8b17-9c0f5f82b2f9,2025-01-16,051a7138-6f3c-49f0-a3e7-1be1f5c97bc4,46.26
b6d109a3-c73f-4aac-99d8-2130396ff266,2024-03-28,438c34b7-e10b-4e35-b806-47fa2742e526,40.17
05aef86f-e759-4e93-9ebf-797dc3c7abb6,2024-04-26,751ceaa2-4b1e-4d38-9b00-267b837c9a58,141.07
0020c913-a181-43b5-bcca-08ee5bce7ef3,2024-09-17,074a6a58-7c0d-4330-83c9-973407ac5384,15.46
17d74c48-336d-4c29-aa22-4c40670a3ece,2025-01-25,58ea5d32-2634-4e44-a228-5db99e059909,158.95
2a358067-9a31-4000-bbd8-a4b6154441a4,2025-02-22,7e93e4dd-fdb3-42c8-bd9e-d71b963833b5,173.43
60c1c1d5-2467-4c4e-931e-ca02881f5e0e,2024-02-12,906424ab-25e4-480e-82fc-3ddcd26d8746,105.85
e00bf6f8-6d3a-4ce0-9f9d-c9b2c6a5f3ba,2024-01-28,b4716b32-65f4-4244-b0a9-5b3c6080e0c7,158.1
de9d39e9-06cd-40de-93c4-dedb57554230,2023-12-16,033de301-db0d-426a-8af0-741a63c42192,27.25
796d265b-cc59-4247-aa87-7778b41eff6f,2025-01-14,1df6617e-9081-4122-a5f9-bd650aec8736,124.72
c81526fa-bf25-4a73-8e19-dc52402335bc,2024-01-18,3e952962-cef8-42f8-9c8b-47b2d3949f44,43.76
2bbc36f7-3699-4988-9108-c30a377fd899,2023-09-01,3bfbd44c-1a0a-4964-b81d-485360306ad6,197.49
1c190931-9119-4c22-a9b0-59086f608657,2025-01-02,5125bb4e-6802-4887-993d-f7388b482c4a,46.97
d1a61ec7-165d-4852-a6a0-5033b9f24797,2024-06-14,f846984b-76b0-492e-86a8-81ae175a0a2d,149.64
a6a8ae63-60d4-4d83-82bc-ae0ba5737735,2024-05-10,810a1e78-f9cb-48a9-bc4e-027707a1a21b,162.1
0752022a-8ed1-46c9-899c-65e9ff3feb80,2023-10-30,7e93e4dd-fdb3-42c8-bd9e-d71b963833b5,36.62
9a6fabaa-925d-4097-a96b-36a0a507d526,2023-09-07,8cafdb72-595e-4d8b-99fe-948803a5b3e5,10.77
8b6ed3b4-daf1-4347-b8cf-24189c541e64,2025-04-26,5de4a113-d72c-4ca9-a3bc-47d06804a627,191.44
28460e52-ade9-458c-9289-97847f29d068,2024-10-09,c9094f9f-42f6-4e76-9a1d-b09828eeb7bf,132.05
6da5cec6-8f61-46ed-884b-a798e913dfbe,2024-06-26,88f6be8f-b265-47ad-92ec-fe755c58a717,116.6
a25fb816-fd2d-4d5b-b185-4f70f548bc6d,2024-08-13,55739d26-4ae4-41db-9f7e-3da25ff6243d,145.07
c60276e8-e8ae-44a4-984a-376b11e19d60,2023-11-10,4dee1975-fe4c-4dcd-8820-f69a7c11b7d6,45.84
ae33640c-e32c-4915-98bd-326eecbf5f49,2023-08-21,5b227380-d28e-4918-8bd9-92a5b5c8a416,196.65
6caeb755-d246-41bb-9578-f2c0de228896,2023-12-24,57279ab1-1e40-48eb-baf8-f99812bd253f,56.73
169e2f6e-3edb-4275-a699-260407b5eee1,2024-08-30,8dec112c-7a18-437a-89b3-91edf8bf1bac,42.58
a6252e23-421e-40d2-ab1f-56a3a23de47a,2023-07-08,2beebe68-00cd-4a77-9ac8-d394a5109a98,50.94
a1d1cc47-465e-4d11-918c-4adf9d0fac13,2025-01-16,273521c9-5e1a-4514-90df-ce69f0b5d10c,198.95
1ba39a4e-7907-4986-bff0-ba87cf78801d,2024-11-02,167e074b-f5b7-4fc7-acf5-e71ae18ddd1d,187.45
250bd37d-ea7d-41c8-926c-d1e06e40a214,2025-04-27,9e11075e-700a-4981-9a82-0e1de3029323,28.12
7137f776-7bc7-4f70-8274-3056fc09c738,2024-12-01,215376ea-74ec-46cc-a595-a13591afcb62,53.2
b7be0dbd-ca41-45e9-9969-4fe828c73443,2023-12-26,1530b4e6-89cd-44b3-8bb3-ee86961272f2,63.16
9e544a72-33d3-4fc0-ae04-6d1595a727c5,2023-09-19,4dee1975-fe4c-4dcd-8820-f69a7c11b7d6,198.61
d8512336-9cb9-4e00-a74d-a2f042b17333,2023-11-20,cd5a1c8b-f9cc-4d68-82f0-1c959a75526c,148.15
b3f40bf0-82c4-4317-a418-0afce614d32e,2023-09-10,7fe3e4dd-fa15-41ff-a994-195ac0cb8109,147.34
8cf24574-3e43-4921-8159-3187e3c84d5f,2024-03-07,1909464a-5f4f-4bef-af4f-495a59a74a76,144.15
f0a7e506-44ce-4818-8c83-de904bbc1ad7,2025-02-26,2beebe68-00cd-4a77-9ac8-d394a5109a98,118.94
60482cf5-ceca-4527-a24a-211b35757e71,2024-01-10,1d9cc34f-688e-4271-9f12-4d4f2529a524,137.36
edcbc734-b32c-424c-9d37-727c86c1ca6f,2023-12-04,9e7e938f-8618-489e-b65e-fc3b70761156,105.43
b961ac94-c795-476e-a52f-eb8efb2316a0,2024-06-11,3891d984-2cda-444f-8d91-1e95e7c76e39,147.7
a83763cc-3129-4f2f-ae0e-5c73cae2eb5e,2024-06-02,6e2bb97a-adca-4960-bb8c-cdc03f00ce7a,114.16
8d3e3bf4-3891-4f29-9796-712ed0d8fec3,2025-04-27,8dec112c-7a18-437a-89b3-91edf8bf1bac,46.51
c69675ce-6f29-4295-9361-e2c9a432069f,2024-05-02,8dec112c-7a18-437a-89b3-91edf8bf1bac,53.58
8e0e4cf7-1cbb-4a52-bf64-db79d26ead9b,2025-05-01,9e11075e-700a-4981-9a82-0e1de3029323,123.1
841e6b9a-c5df-468b-aed8-b678bef5eb4b,2024-09-22,167e074b-f5b7-4fc7-acf5-e71ae18ddd1d,36.5
cd55fe70-ec4e-4ae5-8b12-9bd619904168,2023-10-06,380b04c3-7e30-4546-8f66-0c615e340d3e,136.26
fda19173-ed68-43e1-992b-d5ae99b9a918,2024-07-05,6f101de3-696a-47df-a151-0f5058a5d293,159.27
86b478a0-266f-49cf-86b9-661e8178f97c,2025-03-05,341e7acd-f1a5-4c8c-b651-471dc1eba59e,74.58
35f899e6-3e14-44b3-a307-e2543202a0ac,2024-02-08,d4b154f4-e92b-4d05-a9a8-54234bc79a74,96.12
d0b0f793-31e8-48de-a893-da72b765b1ad,2023-09-03,1078cd0c-2554-4893-a546-5bb22b85e469,63.95
5d4dcda1-d459-4ce2-9614-1b94b5a363f9,2025-01-15,2a0776dc-674e-445b-8fce-0a8c320e391b,170.93
235a26bc-e308-4fb2-bc5c-2efc45dfc8b9,2023-09-22,fce4718e-8390-45f8-b9cb-629ac0e5f6aa,68.87
9ae8c686-f3c9-4591-aaa5-680a024d5251,2023-11-28,7e93e4dd-fdb3-42c8-bd9e-d71b963833b5,42.26
9fbade75-652f-42ba-8af0-79d29b3f81ff,2024-12-18,c842e2e3-fdb4-4db5-8b7e-3bf8bd76466d,63.8
09c20cc7-b2c8-4b4f-b6d1-e8575f2a3411,2023-12-24,58ea5d32-2634-4e44-a228-5db99e059909,96.93
4aab1bdc-9e7c-4bb5-bfc8-5b4fd6132a02,2023-12-08,57f43f6b-099c-4afa-b2d3-512e92a480b8,119.24
4abe9aab-74a5-4ca1-9952-3fc1f1693aa0,2024-03-08,074a6a58-7c0d-4330-83c9-973407ac5384,75.22
307a7383-cc16-4cba-b207-72e96f1b51f7,2023-11-04,bd720945-5b8b-49c0-9af1-a0fb659ff797,171.32
e80e4521-3996-45f2-b9cf-f0febe07d260,2025-04-18,a87901e7-53e2-47d0-9577-3b66566ed432,136.75
862413ce-fddb-4cf1-9d05-eabcd3b224b0,2025-04-25,7fe3e4dd-fa15-41ff-a994-195ac0cb8109,164.47
ab8e5a99-466d-4cb5-afbe-2998747bc56e,2024-03-20,810a1e78-f9cb-48a9-bc4e-027707a1a21b,175.43
e1e7661d-13f1-455a-8cc4-38ac6ca8f844,2023-10-23,033de301-db0d-426a-8af0-741a63c42192,149.97
26cdf833-567c-482d-aa5a-939f4a83961b,2024-07-16,d4c4cf8d-ca80-4d57-b27a-6b4fc9abfa0f,190.29
f7f03465-9cf6-456c-a246-f0ac7bbdbe51,2024-07-31,231c08b7-840c-45b8-a129-cd00bdb68c85,157.51
50415ba3-40d1-40b2-88f9-a23603788c72,2024-11-14,7b3a3bf9-f3fb-4d55-a617-04ad6d85e972,83.36
85869bc5-fd96-4ff7-aebc-df272fcd89c7,2024-09-13,1aea8ab9-844f-42b9-8101-ec26b7ecbff5,87.09
192e6595-6095-4b87-94ff-2f30adc84166,2023-08-14,3d09acd8-ec2c-4d8e-9d25-c2445d308162,96.51
dcbc1049-812d-4fee-ae7e-5442ad170637,2024-07-12,2beebe68-00cd-4a77-9ac8-d394a5109a98,88.01
9f64c1b3-c735-46a6-99f4-16076b783cea,2024-05-22,a66b92b3-431e-4033-ad1d-ddf5d93ddcf5,108.88
824a5dfd-80f9-40d1-a7f8-233c911e75de,2023-12-18,751ceaa2-4b1e-4d38-9b00-267b837c9a58,43.71
756bb39c-9c06-4c63-aa99-f6294bb1590b,2025-05-01,366c34fd-7019-470f-bd27-ec1e46d591cf,118.7
8fbf3fce-05c3-4ffb-9ece-c621d288f045,2024-10-24,1530b4e6-89cd-44b3-8bb3-ee86961272f2,158.05
c945c5e7-1de2-48f8-9e13-36c01f271312,2025-02-22,95dc097a-f41a-48ec-a29a-df15cd756523,114.06
198d6d48-7e5e-4de6-8e59-b466aa5b38d5,2024-02-03,807df000-847a-4131-92bd-33e4c93d9dfb,115.7
60023f9d-be6c-4c2a-858c-de5571188c69,2024-08-08,5125bb4e-6802-4887-993d-f7388b482c4a,52.57
1343a9d6-2d01-4c15-a59e-705a725e897d,2023-05-23,8cd20255-126a-4b15-a97d-a2113a8cbc95,46.91
1418887f-48c1-4e53-9362-31369514525a,2023-07-23,6da0a997-675d-4993-a4ec-d0388478c93b,22.98
7786c082-4a3b-42e6-83c3-c30cd50822fe,2024-12-29,dec5df9b-a2c5-4187-8936-a23b9d67bbf0,89.74
aeafe351-35a1-4db6-985e-d6cd520a6373,2024-01-22,167e074b-f5b7-4fc7-acf5-e71ae18ddd1d,92.13
2c94783d-cc99-40b0-a99d-80504676ca41,2023-09-16,710ad339-6e75-4866-976d-be0d9d03fc51,199.62
ea0480d8-973b-4c8d-9da7-604cd1edfa48,2023-08-06,130ffb16-8819-46d1-894c-a36fc87c56bb,187.46
e9f88fe8-7b7b-4271-a952-ca2a53c26b28,2025-01-15,810a1e78-f9cb-48a9-bc4e-027707a1a21b,24.61
a947ec95-ebb2-4766-97b7-fe78738a54bc,2025-04-04,d4c4cf8d-ca80-4d57-b27a-6b4fc9abfa0f,166.71
c95ee5d5-cf3d-4a3a-86df-160bd1915a0e,2024-10-04,273521c9-5e1a-4514-90df-ce69f0b5d10c,119.05
8889af2f-5216-4fcd-bb49-f95af418ad67,2025-04-20,da560e70-a40b-403e-9579-a1af451d8a16,131.16
1a3be4cd-f39d-410c-b1f5-b0c266d3e12d,2024-02-22,75d6ebd7-7418-4ee4-bab0-0035cd8d3a75,54.97
876714af-69ff-444d-9cbb-167674c26069,2024-01-17,c842e2e3-fdb4-4db5-8b7e-3bf8bd76466d,149.76
f58637f1-d1fd-4191-b642-cbce4ed49787,2023-12-17,57279ab1-1e40-48eb-baf8-f99812bd253f,34.66
e165c17c-dbe3-4781-8712-95dcf0cf3e73,2024-12-09,cb48e2d5-2e67-4854-bc64-ccb29e75722c,64.61
4d7e8fe5-cbf2-490e-8c09-9fd253e25e4d,2025-01-04,6da0a997-675d-4993-a4ec-d0388478c93b,80.83
a5db6a6d-f321-4969-ad77-4ce93742c545,2024-06-30,8cafdb72-595e-4d8b-99fe-948803a5b3e5,66.42
14360a9b-8a46-4708-80cb-f742cc116131,2023-12-16,16cd07c3-cd2f-45a0-8695-49a92eb3276d,192.84
30a8ba49-7bc7-40ba-b62f-394eead0cffa,2024-06-16,1b06c7aa-b1a1-4d23-9d5c-c3d79b86b56d,191.41
26ead592-e110-47f9-aca5-cc470cd04f18,2025-02-20,3bfbd44c-1a0a-4964-b81d-485360306ad6,68.63
fb82d699-6835-493f-8410-ca9586cdcf62,2024-06-25,785a1b10-3e5a-45e9-bc77-aa2b40f9a49a,53.46
b066241f-0168-44d5-b3b5-6e56b6320219,2024-07-08,26be622a-2536-4d78-9cd9-13fe3a4df4e3,196.27
da1d03ef-1547-4b51-9494-c520f4793bf1,2023-06-25,f846984b-76b0-492e-86a8-81ae175a0a2d,161.45
e9fa19bd-76fa-471f-9ed9-1a1178c7b698,2023-12-04,5c6a1b0b-97a5-47bd-a47b-2ec72cd862cd,83.8
fc7a8629-3d1e-4ff8-b4b2-a5247ad6dfc5,2024-08-22,1d9cc34f-688e-4271-9f12-4d4f2529a524,161.97
f67023c9-5cba-4bdd-a01a-95ca4886d90a,2024-07-29,1d9cc34f-688e-4271-9f12-4d4f2529a524,129.9
c60d5c9a-d5e1-4717-b87e-b8c7703800d6,2024-12-25,dc119bea-ccb1-4607-a67c-657c3608d7e6,139.57
53a65284-6752-4485-9d72-6e93f2c8db93,2024-01-03,273521c9-5e1a-4514-90df-ce69f0b5d10c,104.26
1bb800b8-629c-4a94-9cd7-c3e690eaeb4e,2023-10-22,273521c9-5e1a-4514-90df-ce69f0b5d10c,119.12
d616e2a1-2b07-47f1-b7a4-5276c0c290d2,2024-03-04,bd720945-5b8b-49c0-9af1-a0fb659ff797,60.0
23158b95-5d94-4bf7-afdd-10ccd7dd546e,2024-11-10,cb48e2d5-2e67-4854-bc64-ccb29e75722c,149.35
c6aaf558-90f2-4501-9a81-dae4e3b55455,2024-03-04,4d8108b8-bfa4-40e2-97e4-7424c663196b,109.21
a801cacb-c918-46ff-9b34-5a3e79716865,2025-04-29,231c08b7-840c-45b8-a129-cd00bdb68c85,129.69
e36e4983-b298-49a6-84ef-dd5669caad7e,2024-09-23,3891d984-2cda-444f-8d91-1e95e7c76e39,43.53
8605bfa1-36d5-4e94-83bf-fc1b1de5f1a3,2024-04-17,1078cd0c-2554-4893-a546-5bb22b85e469,84.23
d8e18f85-f8b1-4a33-a126-9edbfce356e8,2024-05-19,c842e2e3-fdb4-4db5-8b7e-3bf8bd76466d,150.82
2662e5d3-88e7-4c4f-82f4-d471ebd0cb8d,2024-12-21,2a0776dc-674e-445b-8fce-0a8c320e391b,96.4
1d3e2245-3425-4e55-ab7d-51a728e81bf9,2025-03-02,a89b04cc-d1fb-41a3-ab8e-e0b7b002c866,60.79
e710fefd-fca1-4c3c-8cfb-6f9cb03856ef,2024-08-03,2b616e6f-c63c-4000-81ec-99e3186f2c29,118.55
d6926d04-0ae4-4f37-9d94-6dd12bdef1c7,2023-06-27,b86549e5-52d2-48f8-b85e-af444efcd487,199.31
731d5d8e-9ca2-4bc2-add5-78c593683258,2023-12-14,1df6617e-9081-4122-a5f9-bd650aec8736,41.65
8dbe9c80-756f-41b3-b040-15e3b718e2a9,2024-08-16,cb48e2d5-2e67-4854-bc64-ccb29e75722c,25.81
129d1e01-31d7-4c27-b64b-4cd5fd2d950c,2025-03-12,5e9778bd-fd4c-48db-bec9-1df2da6ad40f,196.85
df6c1adb-3389-45fe-9144-8d2afcce9e9c,2024-09-04,3bfbd44c-1a0a-4964-b81d-485360306ad6,58.08
c2373a74-0893-45db-81f7-2d66f05ec6b7,2023-05-18,3bfbd44c-1a0a-4964-b81d-485360306ad6,163.13
e3472aae-41b5-4cb7-bc8b-711caca38cd7,2024-10-20,85343c56-b887-431a-903b-a88af811b89c,82.22
92581173-360a-430e-a624-f1326d88acf1,2024-11-25,aad990b5-3315-4769-9219-84c5ea1c54e8,14.93
46f525c9-e5e6-4573-a409-db9b7fa07982,2023-11-13,3377e2b3-908d-4523-a713-68aa1dd51150,48.95
b4a0986e-fe65-4657-92e4-6a1e95ee280a,2024-11-14,bd720945-5b8b-49c0-9af1-a0fb659ff797,126.04
c2d11316-b8e2-4b7f-a280-1d3669176b70,2024-02-07,b0315359-1304-4169-af2b-543a0d4985ea,32.72
6ea00269-ece9-4d8f-967e-85022665ee0f,2025-01-05,accc576f-3e1b-4c1a-a6cb-fe91809dd640,98.05
0897a08c-0287-4509-858b-8d2c55feabf4,2024-10-14,5c6a1b0b-97a5-47bd-a47b-2ec72cd862cd,24.25
a627a335-214f-457d-8c7f-efa38cbc2d3b,2023-09-10,17b6a042-be9c-4101-b2d9-1934b5bfca07,14.55
c0c91bbb-1728-42e3-8e3a-d14a640f67c3,2025-02-10,5de4a113-d72c-4ca9-a3bc-47d06804a627,161.14
36e368ad-9656-4dd7-955a-a052249a2ad7,2025-05-10,b2849850-2ced-4778-a5b4-fbc950cd3204,129.89
6e35093c-244f-493e-bf1e-fefc9dac7bd9,2023-06-11,810a1e78-f9cb-48a9-bc4e-027707a1a21b,24.08
bd31b938-a3b8-49c6-aa10-892b7d65016a,2024-10-15,85343c56-b887-431a-903b-a88af811b89c,66.78
301753ca-791c-42b4-9886-f13d275eb765,2023-07-10,9e7e938f-8618-489e-b65e-fc3b70761156,60.77
ca458fe2-ea55-4b3b-9de0-d06f571662c0,2024-12-07,17b6a042-be9c-4101-b2d9-1934b5bfca07,164.1
325f0e7f-375e-4b62-871a-73f48107fe81,2023-08-14,051a7138-6f3c-49f0-a3e7-1be1f5c97bc4,10.36
9718d5cd-e81b-4187-a527-fa4a2f45bdf8,2024-06-17,55739d26-4ae4-41db-9f7e-3da25ff6243d,87.18
58ee12dc-73a5-4d78-84a3-617181c4a0ae,2024-03-24,fb84ca54-eaa8-44e4-846b-d7c81a321d02,117.43
df275377-4a11-4778-9576-9f190427a6cc,2024-04-08,aad990b5-3315-4769-9219-84c5ea1c54e8,177.87
4da823a6-2769-40b2-bc99-ab5c19972c96,2023-10-23,eaece952-8869-48c7-b89f-fa65f56d0716,104.55
db27ea03-5380-4463-a302-6c4ea61a6270,2025-02-06,58ea5d32-2634-4e44-a228-5db99e059909,30.11
49c8bf37-2602-411b-961b-99a3f18bdf5d,2023-05-24,3891d984-2cda-444f-8d91-1e95e7c76e39,162.41
e4358e41-38a5-4772-8cb4-0001b8cd5a82,2025-04-23,a9c7e087-c36e-4e5b-9e63-c59b60dfb8dc,96.43
667a674d-07ed-41ce-829c-b94d8b6d5e7b,2023-07-11,5da84e1f-06e4-47e7-be1d-4e71ece59381,68.51
9186bbdb-55f3-441f-806c-14b42a86899f,2025-02-17,1909464a-5f4f-4bef-af4f-495a59a74a76,43.65
5b9714f3-277b-40b0-bd79-0bf30fb0da47,2024-04-17,d4b154f4-e92b-4d05-a9a8-54234bc79a74,58.44
45ec2aab-8b69-4683-8e3b-4781504df15b,2023-06-10,2e6062c4-59d4-417f-bcf9-2ad1f7b3a140,199.67
0851a815-4f79-4003-b6b0-b68ce13be8e7,2024-06-01,31bc078b-a569-4c86-927c-58f6ecaf8c4a,167.36
d02f01f8-ad8b-4797-ab33-8a91d5cfdaf8,2023-05-11,1d9cc34f-688e-4271-9f12-4d4f2529a524,34.05
6428cacc-9ed8-4775-9b3b-90639b19b5b2,2025-04-20,da560e70-a40b-403e-9579-a1af451d8a16,163.05
bbe6b206-d35a-49cc-9beb-b032b1549219,2023-05-28,16cd07c3-cd2f-45a0-8695-49a92eb3276d,41.9
0f0f5ce2-c684-45c6-9236-0a4e03d88359,2024-09-22,27c43738-30af-499d-a28a-58b78a1fd4b3,78.7
c3b8b2c4-be02-4b33-8ce2-c342eacf4f21,2025-02-05,c9094f9f-42f6-4e76-9a1d-b09828eeb7bf,193.4
58e53d87-a8a0-4f07-a3bc-9543d56a09f9,2024-10-23,7b901a9c-26c8-4cbd-a56a-6f5b5d35c541,16.45
81d52c5e-f00b-47fa-bfbd-8b4105ca98a1,2023-10-30,438c34b7-e10b-4e35-b806-47fa2742e526,85.29
e05b27d9-042f-4512-8a49-edeb5ee0ac4c,2024-10-06,ed6b9f69-8cbc-43de-b046-bbb289a000c0,95.98
18e7c65c-e1d4-4ef0-8fef-16a1da4c0c97,2023-11-09,27c43738-30af-499d-a28a-58b78a1fd4b3,168.91
962401c2-7913-4e54-96ad-adfa8497b071,2024-11-29,25e0c421-1cf5-4f3d-8248-aab5a5bdf2c0,135.55
6e0c6079-e6b0-4313-85d2-d4a3171bd4c3,2025-01-31,57279ab1-1e40-48eb-baf8-f99812bd253f,158.66
f87f266d-5dfd-441c-ba99-a3f4a5d74690,2023-08-08,438c34b7-e10b-4e35-b806-47fa2742e526,111.72
14a3a0f5-aa6a-4649-9f83-daefa2d0d6cb,2023-10-05,1b06c7aa-b1a1-4d23-9d5c-c3d79b86b56d,147.58
bea06590-a1a5-4407-9ee8-c74f2b5a96ca,2023-09-30,7b3a3bf9-f3fb-4d55-a617-04ad6d85e972,47.39
11e1b94a-7f69-4ad8-b239-c7e53953e763,2024-01-22,02e8ee1e-eb4b-40de-ae78-e01f15872cff,95.24
6dc8108e-7fc7-469d-b65f-2e54437ce1b7,2024-01-24,1530b4e6-89cd-44b3-8bb3-ee86961272f2,96.61
d3c31955-aee6-4d3c-aa8f-639d54c8f534,2024-05-27,9e11075e-700a-4981-9a82-0e1de3029323,49.54
a819e401-c805-4543-88af-576527d2e4d5,2024-04-26,ed6b9f69-8cbc-43de-b046-bbb289a000c0,155.25
d3eaadf0-f2b9-425e-ae8e-d5dc8bf034f8,2024-01-17,8cd20255-126a-4b15-a97d-a2113a8cbc95,171.31
3a7f41b5-d3ab-4860-b996-07a1354c43a8,2023-05-14,6f101de3-696a-47df-a151-0f5058a5d293,163.63
3d8f71df-00a0-4aab-ab5c-448dfd9cd17e,2024-10-29,785a1b10-3e5a-45e9-bc77-aa2b40f9a49a,94.44
a4c0d7a3-6aca-490a-bbc5-2d11d0db956a,2023-09-16,dec5df9b-a2c5-4187-8936-a23b9d67bbf0,11.58
3db128c0-cd1b-459f-8412-4103db5171c4,2024-02-04,57279ab1-1e40-48eb-baf8-f99812bd253f,139.43
55ccbcc7-588a-437f-9252-45c8126a5f94,2025-01-29,79441ad6-8d0a-4b5c-b444-f6c3e9804b81,12.82
ee02c4d4-5c36-4d7e-aa8a-806891606b61,2024-09-26,eaece952-8869-48c7-b89f-fa65f56d0716,85.58
a39e56d0-4eac-4eb9-a1fd-07912ecc0bde,2023-09-01,341e7acd-f1a5-4c8c-b651-471dc1eba59e,107.86
5059764a-79a4-4587-9e2c-7f50719c7ee5,2023-06-27,1d1a0849-86fd-4a1f-aeab-b3b06c665f77,190.4
ecc44a5b-c633-4cc3-9f5f-3671dd4a1458,2023-10-23,ab0be505-4745-4eed-b253-3d8b18b5f3c4,177.4
2e3e189b-69fc-40a6-b1b5-4164ce9e76f6,2024-02-10,ed6b9f69-8cbc-43de-b046-bbb289a000c0,182.7
787b3dde-456f-41e7-9d08-b00e7592f5dd,2023-10-22,5e4ab2e0-e199-463e-b63c-a72ce0bb3b78,105.94
2df85ff0-0899-4918-be37-5f49bab54629,2023-08-20,25ba92e8-3fcb-4fda-99ef-9a995fa50070,77.17
0f4bb43a-beb3-45f5-8247-88fe4d672171,2023-11-08,940753aa-23a9-48f5-b639-faa274af162e,61.3
465a1f0c-391a-4666-9554-8d30ddf507fe,2024-04-07,8eefd022-9442-4752-9d98-ca7c573dfbd5,44.3
8a7b42de-04f6-4f31-a629-ab039c8d2ef7,2023-06-20,8dec112c-7a18-437a-89b3-91edf8bf1bac,18.28
fe6441f0-4ae6-4c7e-90a5-1e0da5c720f6,2025-05-10,3bfbd44c-1a0a-4964-b81d-485360306ad6,182.21
2f65cd3f-8a9a-4218-9c0a-53404129c476,2024-03-21,0058a4f2-0077-4177-b5aa-b4e9c2447fb9,11.57
b77ce0b9-95e2-495a-a19b-e2ebb9cb19af,2023-06-10,dc119bea-ccb1-4607-a67c-657c3608d7e6,18.51
de34cffa-c3dd-4763-8197-9d595191afaa,2024-09-06,491e8d8d-2c63-444d-84ee-b2bce4f6a8ad,95.27
f1a0271f-5fb3-4e24-b956-eafe72a6d7a1,2024-04-14,3a3b025c-2751-4c75-a94c-2c6567141bd5,25.89
72e162f5-0a53-4d18-974a-939931b4cecc,2023-06-17,9e11075e-700a-4981-9a82-0e1de3029323,168.58
7c674e4b-bbac-40b4-883a-bf53c88f27de,2024-01-28,64fdaa9b-8f58-46be-9a6b-6c75ad3cad7b,62.13
137c8896-4cd0-4797-add2-bbd429a72b8b,2024-01-14,3891d984-2cda-444f-8d91-1e95e7c76e39,119.14
ad081ec3-8bbe-47ad-8e3e-794b05cf7737,2024-05-17,6e2bb97a-adca-4960-bb8c-cdc03f00ce7a,117.45
3c30c682-29e1-45a1-9c51-9f4b97018f36,2024-03-18,cd5a1c8b-f9cc-4d68-82f0-1c959a75526c,134.24
57e62386-150c-49c0-9023-36ff4346f0e3,2024-09-05,a5db0184-7f1b-4138-b05f-2f083245db21,104.07
93004f1c-0028-4cce-80b7-37c55ede95be,2023-07-23,2e6062c4-59d4-417f-bcf9-2ad1f7b3a140,80.87
92d4b037-f5f8-45c5-8918-c92f07a17315,2025-05-04,c0ed215a-fc81-4daa-b928-427236a90d33,195.72
397389ba-01fd-4a5f-9a15-a16994a3cb98,2024-12-18,7e93e4dd-fdb3-42c8-bd9e-d71b963833b5,57.42
4b4fbee3-46c0-4eaa-a95e-912e07c9a3c5,2023-05-23,07accea4-6a20-4e5b-9c35-195c89c28563,77.25
985aa54d-e2d4-4c0b-80c3-28a4a5ed4b93,2024-02-05,64fdaa9b-8f58-46be-9a6b-6c75ad3cad7b,13.59
c9e45cf8-3da6-403b-84ae-d1c1dd248f33,2024-08-11,785a1b10-3e5a-45e9-bc77-aa2b40f9a49a,150.51
1fa0f5c2-3a70-4c49-8417-c0387fafa29d,2023-11-18,231c08b7-840c-45b8-a129-cd00bdb68c85,139.29
dc0c7670-b478-4518-b58d-eb1f7465ce03,2024-06-09,8dec112c-7a18-437a-89b3-91edf8bf1bac,141.19
70fb0194-5a76-4a07-8d77-efe401e65c00,2023-05-24,b86549e5-52d2-48f8-b85e-af444efcd487,196.95
89f8bf96-19b6-4ada-b7bb-8ba1fe3229ed,2025-05-02,b03773fb-6dec-4613-ab8d-c94dba4cbfc8,169.37
33668be7-7d4a-4357-841e-96a0fe218dca,2025-05-05,b03773fb-6dec-4613-ab8d-c94dba4cbfc8,64.9
a515c8a1-2084-4e43-8213-145e77a39307,2025-02-25,a5db0184-7f1b-4138-b05f-2f083245db21,80.84
809104ce-092b-49d2-8022-a17d1e56122a,2025-04-07,130ffb16-8819-46d1-894c-a36fc87c56bb,29.41
46809d54-0fe1-4518-b78d-f031bb0c0de6,2024-09-24,273521c9-5e1a-4514-90df-ce69f0b5d10c,105.3
28a60d9f-553a-4a44-8b57-5b8df6432af0,2024-05-31,4dee1975-fe4c-4dcd-8820-f69a7c11b7d6,25.97
de6372a7-9889-4ddb-a30c-a8816aa8a887,2024-01-06,17b6a042-be9c-4101-b2d9-1934b5bfca07,122.64
082d1726-6a5c-4e31-b1bc-a60c1cf87156,2024-04-03,860bcaf3-9c77-43c2-b3f7-c8ce47fea46a,181.74
2f888243-3ce9-4008-897b-c8f138367a33,2024-02-11,a89b04cc-d1fb-41a3-ab8e-e0b7b002c866,58.65
f9d5eb5e-e35e-40a9-9d0b-9c3adca0a241,2023-08-20,1078cd0c-2554-4893-a546-5bb22b85e469,130.59
4771398a-e0ec-424b-8468-8bf1920a4ae0,2025-02-09,c842e2e3-fdb4-4db5-8b7e-3bf8bd76466d,79.82
00dfe1bf-6c9d-4261-832f-20c11f8139c7,2023-05-31,c9094f9f-42f6-4e76-9a1d-b09828eeb7bf,114.35
ab0cb41e-576f-43c1-87f7-9f48793e5748,2025-02-01,341e7acd-f1a5-4c8c-b651-471dc1eba59e,30.98
a22c1974-c1c0-4e8c-bb8a-a5f88e98c147,2024-06-22,b2849850-2ced-4778-a5b4-fbc950cd3204,185.45
f1d6e06e-cecb-4583-8665-cf05e46eae0d,2024-01-19,17382051-6db0-46bd-ab68-39adbb06310c,179.11
0aefa8e1-6539-40bb-9fac-ad583885a2ea,2023-11-03,1530b4e6-89cd-44b3-8bb3-ee86961272f2,191.15
e215bec6-58d7-44e3-b9a9-7fc4df633cde,2024-07-02,3377e2b3-908d-4523-a713-68aa1dd51150,127.01
22e48e2e-e883-4ea6-aefb-c52e54c346a2,2024-09-05,1b06c7aa-b1a1-4d23-9d5c-c3d79b86b56d,136.0
af6afa80-9767-4332-8564-fad5cacb4a7e,2024-11-25,07accea4-6a20-4e5b-9c35-195c89c28563,154.6
919d1bcd-c5b7-4737-8fff-aa0622fac0d3,2023-11-13,28b18d8b-33c0-4dfd-8056-764f3e7c7d63,14.09
b4d1ccfd-cb23-43ae-81f9-33c12dedffaf,2024-11-12,751ceaa2-4b1e-4d38-9b00-267b837c9a58,145.41
e9f927b0-a81a-489e-bc84-756ab5ccc25f,2024-05-22,2d4b1aa9-ce0e-42c4-bd82-5b06025a9548,82.07
c3566f3a-8b9b-4778-8f20-c488a20b7df8,2025-01-04,4d8108b8-bfa4-40e2-97e4-7424c663196b,59.81
a6c74542-5c15-4b1f-89d8-4c3a271a632a,2023-10-18,8cafdb72-595e-4d8b-99fe-948803a5b3e5,34.1
2cef295c-1305-4bdf-acd4-1020cd33527f,2023-06-24,57279ab1-1e40-48eb-baf8-f99812bd253f,51.8
2f1378be-c14a-4752-8c02-7ff08f7fbbb3,2024-06-20,5ea416a6-da45-4c37-99b6-8f6d2f9a3809,27.63
e5e43ab0-6776-453b-acb9-0680d0287626,2025-01-05,605c49b1-5cc9-48a7-83b5-0871f36f6c73,131.99
317d8dfa-e724-4b1f-9f5f-3c162f4c5259,2023-12-31,a89b04cc-d1fb-41a3-ab8e-e0b7b002c866,44.48
851a7d12-05d3-47d3-9350-18dad4d3b910,2023-08-29,17382051-6db0-46bd-ab68-39adbb06310c,179.18
3b937b07-d0ff-4511-a4f8-d2ecb80329d4,2023-05-23,5494f424-1ac1-4fd0-b806-4f77c1085add,106.02
c8c7a9ea-c054-4ff1-a7ef-bf92fe36a346,2023-08-31,3a3b025c-2751-4c75-a94c-2c6567141bd5,62.19
22f6243d-188c-437b-8613-2d8260683c97,2025-04-13,2a0776dc-674e-445b-8fce-0a8c320e391b,175.14
6728ddce-8270-4539-8eaf-d6966460ab3e,2024-11-08,a9c7e087-c36e-4e5b-9e63-c59b60dfb8dc,78.96
0d355b67-da60-4175-a883-efc8f85f4c42,2023-12-26,fb84ca54-eaa8-44e4-846b-d7c81a321d02,153.72
8c581cb6-16c1-4f81-b75e-c524ced3df5b,2024-04-25,85343c56-b887-431a-903b-a88af811b89c,167.36
6c5da60c-a157-4d91-bf75-157a5306504d,2024-08-17,5125bb4e-6802-4887-993d-f7388b482c4a,142.83
0de4c47c-59a7-4f3f-b43d-8b5610e81055,2024-08-05,605c49b1-5cc9-48a7-83b5-0871f36f6c73,79.65
805ff695-1295-42d3-bab8-79fee4229dae,2024-11-15,d4b154f4-e92b-4d05-a9a8-54234bc79a74,121.07
7f70b29c-5596-41f7-8d01-f6cdfad3203d,2024-04-18,6e2bb97a-adca-4960-bb8c-cdc03f00ce7a,172.75
59fd4db6-16e6-4720-942d-5e5fb8e0239d,2024-11-16,6e2bb97a-adca-4960-bb8c-cdc03f00ce7a,83.97
b360fee6-43bf-4cbc-80ae-97f7f527e3e4,2023-05-25,b5c6eb62-a28c-48a0-8551-ab318a1df8a0,54.35
bf8c5cc4-eb3a-4c1b-9896-995b8f2d1306,2023-08-30,cd5a1c8b-f9cc-4d68-82f0-1c959a75526c,113.58
d506b36b-6d8b-40b2-a5aa-dbca9c8cfd63,2024-12-11,9e11075e-700a-4981-9a82-0e1de3029323,51.5
a1e23685-ec0b-4b38-b8be-60e10ecbc861,2024-07-08,810a1e78-f9cb-48a9-bc4e-027707a1a21b,115.79
149ebbce-644e-4b2f-bef6-b6c82ce2066f,2024-06-09,d9d02f1c-0b39-49da-9849-415873a7cf85,58.04
65870ef5-415d-4e36-8f33-233e20de97e3,2024-10-20,b2849850-2ced-4778-a5b4-fbc950cd3204,94.49
f25ac9c2-6696-4561-8b8b-32a21f61a23a,2023-10-25,ed6b9f69-8cbc-43de-b046-bbb289a000c0,160.32
52612b13-0ed5-443c-a486-0f8970403e0b,2023-09-29,0058a4f2-0077-4177-b5aa-b4e9c2447fb9,161.25
d7e01774-5d5e-49bf-82ef-1feac2e95e51,2025-03-16,7b3a3bf9-f3fb-4d55-a617-04ad6d85e972,196.86
cd6d9de5-58e1-4cfd-b22b-09b85970b67d,2025-03-01,b4716b32-65f4-4244-b0a9-5b3c6080e0c7,190.28
1b7cfc51-9b64-411c-8b48-b899099f5029,2025-05-02,25ba92e8-3fcb-4fda-99ef-9a995fa50070,150.16
ed7dc76c-b0e5-48da-ac33-6feaafa81162,2024-09-28,7fe3e4dd-fa15-41ff-a994-195ac0cb8109,127.07
ce6a5224-a73a-4afb-af0c-94bfa29bc085,2024-10-14,88bd1a44-aa5f-4a4d-8272-aea14662c6e9,106.38
e39198b9-685c-431f-a9bf-9854527778b4,2023-12-19,16cd07c3-cd2f-45a0-8695-49a92eb3276d,136.87
b0b2d269-f529-42c4-a9f5-9f8bfd460ca8,2024-06-14,491e8d8d-2c63-444d-84ee-b2bce4f6a8ad,64.18
a7af4acc-a2f5-4c1d-b897-efcc55cde6c4,2024-07-24,5da84e1f-06e4-47e7-be1d-4e71ece59381,132.47
9c301d19-f27e-410c-9188-f5251b6af9c3,2024-10-22,01484ff6-b7d5-4790-812a-03669b7fa3a7,19.58
667f7f4c-d413-47b9-b6ac-b7f861152209,2024-01-12,0058a4f2-0077-4177-b5aa-b4e9c2447fb9,58.11
5526673d-3ec8-4d8d-bea0-5dafce033e67,2025-01-05,accc576f-3e1b-4c1a-a6cb-fe91809dd640,115.6
68378c80-ea41-4e16-b47d-97a153fc014b,2023-10-04,9e11075e-700a-4981-9a82-0e1de3029323,11.4
43954690-d4bf-486e-8284-54af1e37f7b6,2024-07-05,6f101de3-696a-47df-a151-0f5058a5d293,181.06
404c48b5-a157-4a02-9b5e-81f763894b9f,2023-07-21,491e8d8d-2c63-444d-84ee-b2bce4f6a8ad,71.92
8fa457d5-5fdb-46b4-a64d-3051ed7c21db,2024-01-06,1d9cc34f-688e-4271-9f12-4d4f2529a524,145.87
bb517528-ba7b-4018-8b3f-89d5f50626dc,2023-07-09,074a6a58-7c0d-4330-83c9-973407ac5384,43.03
75560956-c164-4b59-93e3-a174c7f1ba88,2024-09-22,d4b154f4-e92b-4d05-a9a8-54234bc79a74,84.51
cfccf167-0b12-4bd3-b539-d82f9843dedb,2023-10-26,17b6a042-be9c-4101-b2d9-1934b5bfca07,181.56
03ff99ba-1974-41f2-998e-1277a8d13444,2024-03-18,7e93e4dd-fdb3-42c8-bd9e-d71b963833b5,18.75
7901fd0e-953b-4ebc-a56b-a894d6821737,2024-05-31,785a1b10-3e5a-45e9-bc77-aa2b40f9a49a,23.1
05424daa-a833-47f1-8535-9fd8d017befd,2025-05-03,6f101de3-696a-47df-a151-0f5058a5d293,182.39
51126050-7bb6-41d4-b9e1-b2681b15e557,2024-06-12,6cb90d53-bb68-4ac6-be7f-3b323aaf43ba,132.04
48b8d4bc-f556-4043-adab-e320b3d664bd,2024-08-25,cd5a1c8b-f9cc-4d68-82f0-1c959a75526c,98.79
2ebf226b-a71b-4e44-a330-5b441361e31d,2025-04-11,ab0be505-4745-4eed-b253-3d8b18b5f3c4,94.58
63f977e1-cc42-432e-8565-c7c6fdfb8fb4,2023-08-01,79441ad6-8d0a-4b5c-b444-f6c3e9804b81,188.21
14c72ffc-3cc1-4063-9ddb-e53195fd5440,2025-02-16,dec5df9b-a2c5-4187-8936-a23b9d67bbf0,22.51
aa15d178-1c3a-49f6-85af-cc2809c0eecb,2024-09-21,a0e92147-baf0-4643-b44b-3e632eb317f8,89.04
524406b6-f144-4d2b-8ecc-8df3f1d84112,2023-08-14,c0ed215a-fc81-4daa-b928-427236a90d33,81.32
8ef25c39-8511-4aa9-b0eb-e58f19845ff5,2025-01-15,2a0776dc-674e-445b-8fce-0a8c320e391b,59.35
f4641e56-c1d4-4eb4-bb82-d7df1a70f53a,2024-03-23,b5679a67-41b0-4944-9443-6f3734db2045,154.66
f730e1ee-1900-41c5-836d-6899fd6bd680,2023-06-16,c0ed215a-fc81-4daa-b928-427236a90d33,25.36
49e0c00e-7862-464b-b6ed-89c3dd1b07ee,2025-01-02,810a1e78-f9cb-48a9-bc4e-027707a1a21b,53.38
21c3341a-09ea-48de-9b25-c2dc6dfad7a3,2023-12-25,051a7138-6f3c-49f0-a3e7-1be1f5c97bc4,196.13
cf27de65-6c8d-4d32-99a5-0786997fdac9,2023-10-21,6da0a997-675d-4993-a4ec-d0388478c93b,109.95
23599caa-9363-42dd-bdb2-2332ded64ccd,2023-12-24,c842e2e3-fdb4-4db5-8b7e-3bf8bd76466d,129.64
982bfc02-bce8-46dd-82d0-992bb51bb605,2023-05-25,cb48e2d5-2e67-4854-bc64-ccb29e75722c,192.45
93b5fa92-dcb6-41dc-a934-b4e4810d2fd4,2023-11-23,341e7acd-f1a5-4c8c-b651-471dc1eba59e,179.95
071574b0-35b0-4569-9a2c-259dfcf303b2,2024-03-17,491e8d8d-2c63-444d-84ee-b2bce4f6a8ad,191.5
2ad69ab3-13b4-491f-9e4a-53755b707dad,2024-03-18,cd5a1c8b-f9cc-4d68-82f0-1c959a75526c,96.34
a774348f-6f23-42e7-88cc-0fd80d44c98b,2024-12-02,3e952962-cef8-42f8-9c8b-47b2d3949f44,181.12
14e5e501-cc7b-46c6-b966-6b2ad35784cf,2025-02-08,5e9778bd-fd4c-48db-bec9-1df2da6ad40f,10.78
bb3b40ef-12be-4d3e-9916-dc7cfca76ab7,2024-05-28,860bcaf3-9c77-43c2-b3f7-c8ce47fea46a,144.82
7f5e759f-918f-4bf2-a864-5a0cb300166e,2023-11-12,c0ed215a-fc81-4daa-b928-427236a90d33,22.92
93637ea0-8ac9-4afc-bea8-3d2b73983fe9,2024-12-01,3d09acd8-ec2c-4d8e-9d25-c2445d308162,105.77
bfdbe6b4-4a42-4dfc-a733-324279f03ee3,2024-06-06,9e11075e-700a-4981-9a82-0e1de3029323,32.0
79453891-9c7f-4076-8f7f-33a2f0211fff,2024-11-20,b9c9af1a-d027-42c0-8f8e-d6f735a5957c,66.85
0c63a9ca-287f-479f-9396-375606e5d273,2024-09-11,cb48e2d5-2e67-4854-bc64-ccb29e75722c,199.67
677bada7-4783-4e8a-9655-66d882f992c3,2023-05-12,5ea416a6-da45-4c37-99b6-8f6d2f9a3809,112.25
4a3e4fd0-fdec-441c-af2b-0eaa9f17376a,2023-11-07,a0e92147-baf0-4643-b44b-3e632eb317f8,77.06
f9fb82b5-ce39-4c39-a7b2-ae96c766f14d,2025-04-02,a66b92b3-431e-4033-ad1d-ddf5d93ddcf5,186.04
5957717b-9f8b-4ae1-adf9-40d0a5773633,2024-08-15,b0315359-1304-4169-af2b-543a0d4985ea,43.45
7833bbb8-c004-4059-92bf-6466ec2ed818,2024-09-04,1b06c7aa-b1a1-4d23-9d5c-c3d79b86b56d,196.67
8a8d8e2c-dee0-43d8-8e8f-ef31bc40a55b,2024-09-21,7c6cd470-efa4-4267-bf15-1f8ee2002dbb,119.02
580735b8-80dd-4b8e-98d5-c71c0c04ad79,2024-11-11,a0e92147-baf0-4643-b44b-3e632eb317f8,131.51
7c9e3bf0-620e-43e7-88a8-852e4fc5c5c4,2023-11-16,57279ab1-1e40-48eb-baf8-f99812bd253f,160.71
9a7eea8f-4ca8-4b35-a255-fa3fec36aa42,2024-05-25,3f1a3c76-4897-453f-9944-fa17328187d6,104.4
ddb484bd-6e4d-4ed2-9fe8-ec266026ad3f,2025-04-04,92438639-305b-453e-9deb-99325dcae835,42.94
65847dfc-a0a5-41de-b91a-d15c3a8c0623,2024-11-08,ab0be505-4745-4eed-b253-3d8b18b5f3c4,16.69
40b80588-56a9-43b4-9f02-fd89d6cc2ee9,2023-11-12,033de301-db0d-426a-8af0-741a63c42192,124.41
20266d6a-54f5-4737-af0d-54480bc6ff6b,2024-02-14,7b901a9c-26c8-4cbd-a56a-6f5b5d35c541,197.06
49c60a9f-4b01-40f2-9207-dd27a4f791da,2023-09-10,5e9778bd-fd4c-48db-bec9-1df2da6ad40f,71.96
d96b3f1d-6c8d-437a-9e06-8b9a1e0ad4d5,2024-10-25,a89b04cc-d1fb-41a3-ab8e-e0b7b002c866,144.73
edc48d29-e851-4a99-882b-70068eea842a,2025-01-28,1a74e002-2ca3-4225-bf4b-410ef565cb45,96.12
d2d0de6f-4fcf-48bd-aaad-121d9adcdbb8,2024-05-27,4610ce29-5565-42fb-b782-c9b3f5de7299,99.27
c1ec394c-7b6e-4509-bef1-26e88e96d982,2023-08-27,033de301-db0d-426a-8af0-741a63c42192,87.58
85a4c469-00c7-4ade-bd46-7f0bf3bed207,2024-07-31,dec5df9b-a2c5-4187-8936-a23b9d67bbf0,106.67
e8f90788-c20c-4827-b0c9-3318159f5f57,2024-04-05,dc119bea-ccb1-4607-a67c-657c3608d7e6,189.35
05ff75a5-ad02-4209-b7e3-d2a0dfe4bcb4,2023-12-16,b5c6eb62-a28c-48a0-8551-ab318a1df8a0,49.1
86a071fc-370d-412f-a927-47933887e265,2024-03-25,7b3a3bf9-f3fb-4d55-a617-04ad6d85e972,73.68
cdaab980-26d2-41eb-9ee3-7d8aa4e0d2bf,2023-11-16,5de4a113-d72c-4ca9-a3bc-47d06804a627,152.86
7abff874-347e-4531-bcff-ac5b3bd8183b,2023-07-16,5ea416a6-da45-4c37-99b6-8f6d2f9a3809,98.38
cb166109-f204-45c1-b152-ff504b657aed,2023-11-01,2a0776dc-674e-445b-8fce-0a8c320e391b,193.84
6e2b1c4b-59fc-437f-a243-b0b0fa06be76,2023-12-23,fb84ca54-eaa8-44e4-846b-d7c81a321d02,53.92
0586e51b-8311-45f4-905f-6418d72783ec,2023-09-10,1df6617e-9081-4122-a5f9-bd650aec8736,29.25
be261592-d49e-4699-a77d-6281f509531c,2024-01-18,5e9778bd-fd4c-48db-bec9-1df2da6ad40f,136.27
f49826f1-7d2a-49e1-a69c-6e62bdb8c914,2023-05-31,273521c9-5e1a-4514-90df-ce69f0b5d10c,52.52
fa460905-6251-4c18-8cec-3c783a533042,2024-07-22,238b1302-5b9c-4369-aa99-3b6181f27dd9,139.78
5c7668e7-10b1-4643-96b9-48fa4c55ac32,2024-02-12,c9094f9f-42f6-4e76-9a1d-b09828eeb7bf,92.41
ed5102b3-b460-482c-9415-56e730cdee87,2024-07-24,d4b154f4-e92b-4d05-a9a8-54234bc79a74,11.51
e515e5b4-0b11-497d-bc87-ddc4accb2b01,2024-04-19,88f6be8f-b265-47ad-92ec-fe755c58a717,33.07
13477fb1-2b9d-4ec7-b605-083a3fcd8228,2023-06-13,5ea416a6-da45-4c37-99b6-8f6d2f9a3809,72.35
325b138f-30e6-4f31-8367-912154d0e97d,2024-05-21,da40198e-e83e-47b1-84c7-87a8f8d772d6,190.08
ca31f02e-ec18-4c9f-a0b1-f2f6c6d253cc,2024-11-04,7c6cd470-efa4-4267-bf15-1f8ee2002dbb,23.13
a86a8b2f-de8b-4d4d-b96a-cedc5095c017,2024-09-14,bd720945-5b8b-49c0-9af1-a0fb659ff797,19.51
18c9b767-9346-4a57-9362-fdd825e4de5f,2024-05-06,940753aa-23a9-48f5-b639-faa274af162e,82.16
bbb2d3e5-cba5-4b7e-a641-41aabf4e9cd2,2024-12-09,9f9a40f5-3e74-4d47-bd07-7e5035f03a71,28.61
f245ba10-8f7a-431b-ab68-958f8ade12c8,2025-05-09,1d1a0849-86fd-4a1f-aeab-b3b06c665f77,158.73
32581e5c-4680-45bc-badf-f99e73447c94,2024-05-17,7b901a9c-26c8-4cbd-a56a-6f5b5d35c541,130.22
84963325-90ec-4b12-8248-7e23ef98b44e,2024-04-05,167e074b-f5b7-4fc7-acf5-e71ae18ddd1d,80.63
0ada379a-d414-43df-8ced-9cc25dc0abdf,2024-07-27,cdf3e700-b4d1-4d21-9fb2-c235a4ae0a82,55.58
96194b57-cf3c-435a-870f-f3dd2bd9edcf,2024-07-03,4dee1975-fe4c-4dcd-8820-f69a7c11b7d6,115.93
fdfe464f-b8ea-4331-94b0-60c9b15f4ac1,2023-09-20,860bcaf3-9c77-43c2-b3f7-c8ce47fea46a,138.42
b2bd9fe7-5811-48d0-b3b7-bf803b63f91f,2024-10-21,033de301-db0d-426a-8af0-741a63c42192,75.1
ad707cd4-99c3-4507-85b0-389ccb9d12ad,2023-09-06,28b18d8b-33c0-4dfd-8056-764f3e7c7d63,177.24
de78c5f7-d924-4c80-96cb-ed89a8b4ad0e,2024-12-12,dec5df9b-a2c5-4187-8936-a23b9d67bbf0,39.58
9ffbfa7b-4f62-4610-a963-5f017970051d,2023-08-17,5b227380-d28e-4918-8bd9-92a5b5c8a416,185.12
52673aff-1727-42fb-9499-6950e5fc6f6e,2024-09-01,8eaa0950-e983-40f3-9b7b-22c1ee72b17c,125.86
9f16b128-28f3-4a62-a6a6-ae93e172113d,2025-02-20,57c8aaa3-bfdc-41da-a37f-d67b7fbdc149,150.65
4987fb12-66a7-4212-996d-1f9e9dd22710,2023-06-02,d4b154f4-e92b-4d05-a9a8-54234bc79a74,177.09
1abc7929-3025-4349-a482-c8c17a15ddbb,2025-01-15,1530b4e6-89cd-44b3-8bb3-ee86961272f2,108.89
e3f96772-eceb-4013-a77b-fdd83481097f,2023-11-27,dc119bea-ccb1-4607-a67c-657c3608d7e6,182.68
f4c4a413-9f55-4333-81ef-0aa7aafa5f94,2024-11-30,b86549e5-52d2-48f8-b85e-af444efcd487,113.3
e0536c94-a6da-4f6c-984e-8d9c2a5c2391,2024-12-08,6da0a997-675d-4993-a4ec-d0388478c93b,49.81
b1d7bdb1-c786-4986-9c93-2121ca74a4a7,2024-05-22,751ceaa2-4b1e-4d38-9b00-267b837c9a58,92.21
1c514448-e11b-4341-be60-e117a9daccfa,2024-07-27,ed6b9f69-8cbc-43de-b046-bbb289a000c0,35.37
ee509e6f-5b82-4ac6-8844-fcb02839bebf,2023-08-02,accc576f-3e1b-4c1a-a6cb-fe91809dd640,85.19
c7742896-682e-45d0-89a5-aef431c9b053,2024-05-25,aad990b5-3315-4769-9219-84c5ea1c54e8,192.13
e07202ec-b740-4443-966e-1fa915711432,2024-03-26,cb48e2d5-2e67-4854-bc64-ccb29e75722c,143.8
f047c227-08af-4927-a362-2db4e03ca81f,2024-12-25,5ea416a6-da45-4c37-99b6-8f6d2f9a3809,60.79
5ab42ba7-8053-41ad-9251-dbacf593c23d,2023-09-13,ce7b1ebf-3f2e-4ca4-9003-92417283e6ab,150.08
a534271f-0478-466b-9689-f35581d514c8,2024-01-04,c0ed215a-fc81-4daa-b928-427236a90d33,19.54
5bcb4304-271d-44c3-beae-bc8785ccffd5,2025-02-09,cd5a1c8b-f9cc-4d68-82f0-1c959a75526c,119.29
a33f070b-22f1-49a6-be3c-d4513283189a,2023-08-22,a66b92b3-431e-4033-ad1d-ddf5d93ddcf5,27.27
43905b26-38fe-4018-b9fb-21b8126aacbe,2025-03-31,491e8d8d-2c63-444d-84ee-b2bce4f6a8ad,193.78
82c1a494-564c-4d8d-8835-9bb895eb9d0a,2024-07-18,17b6a042-be9c-4101-b2d9-1934b5bfca07,197.99
3c45490f-6045-416e-a908-75bf3bd581af,2023-07-24,380b04c3-7e30-4546-8f66-0c615e340d3e,141.71
cbb22688-9921-4604-a7fd-e25a134e2521,2025-04-23,7e93e4dd-fdb3-42c8-bd9e-d71b963833b5,62.32
99ab598c-b19f-4d41-a347-7cf8e92de680,2025-02-19,273521c9-5e1a-4514-90df-ce69f0b5d10c,115.02
97316733-70d5-44fc-9428-e6181f75098e,2023-06-08,807df000-847a-4131-92bd-33e4c93d9dfb,111.32
5cdd0931-53d4-475e-90f1-48213bc51d24,2024-01-15,b2218b99-5757-4f7f-ba7c-e6f7d2de4bb4,20.13
b94e8849-b9dd-4d80-90ca-98e8bef5849d,2024-12-14,f846984b-76b0-492e-86a8-81ae175a0a2d,72.91
da5dd562-662a-4803-8525-e00891583867,2025-03-06,0058a4f2-0077-4177-b5aa-b4e9c2447fb9,102.55
068b6286-3b00-479b-a5bf-04b500c21dd6,2023-06-25,8eefd022-9442-4752-9d98-ca7c573dfbd5,39.83
d4394de5-7888-41dc-86e0-1cdc275af8a1,2024-01-27,a66b92b3-431e-4033-ad1d-ddf5d93ddcf5,161.17
1ecff8ef-e454-4548-9307-b7df109061c1,2024-05-20,785a1b10-3e5a-45e9-bc77-aa2b40f9a49a,198.24
93ca35c3-7d20-4a92-a473-e078d80eb776,2025-02-05,1909464a-5f4f-4bef-af4f-495a59a74a76,50.28
6ddc9dfd-1ad0-4a4b-8bc8-5fdb0d4fed1a,2024-05-22,b86549e5-52d2-48f8-b85e-af444efcd487,125.96
e88dd815-f43e-418b-842d-23b1e97cbbaa,2024-04-02,6cb90d53-bb68-4ac6-be7f-3b323aaf43ba,89.9
23e02f1a-dbcd-40bd-bc1b-551cf75ebfb6,2025-03-11,8dec112c-7a18-437a-89b3-91edf8bf1bac,192.98
e2b3d2d7-e21a-4167-be62-c04cd1bb7420,2025-04-20,1530b4e6-89cd-44b3-8bb3-ee86961272f2,158.36
6186f043-9b80-4fc3-9621-829ab25cd7d7,2024-10-25,1078cd0c-2554-4893-a546-5bb22b85e469,196.47
5f7012d7-6f65-44b1-826c-e9316574523f,2023-06-09,5125bb4e-6802-4887-993d-f7388b482c4a,26.95
3afb2f32-efde-4cb7-a4fd-b759e2f4027c,2023-09-30,5125bb4e-6802-4887-993d-f7388b482c4a,154.63
b7db8d1f-4c55-46cf-b83a-68d580fdf04c,2025-02-07,27c43738-30af-499d-a28a-58b78a1fd4b3,198.32
3345ec44-a5ba-4dd6-81b2-2f8c2e7f7e60,2025-04-15,eaece952-8869-48c7-b89f-fa65f56d0716,44.42
65259b1b-6047-4777-b0cf-2d20435fa1fa,2024-05-24,3f1a3c76-4897-453f-9944-fa17328187d6,107.61
8ee9a915-aba1-462e-b1ec-bc4097e98cb5,2024-08-15,85343c56-b887-431a-903b-a88af811b89c,104.9
6fcc4833-dbfe-466b-870e-2f4c6afb3be2,2023-09-16,3bfbd44c-1a0a-4964-b81d-485360306ad6,90.35
f00ceea0-97e2-4a49-b3af-e3d9d45542cf,2024-08-16,130ffb16-8819-46d1-894c-a36fc87c56bb,81.82
c33e7ac5-5c7a-46df-848b-1feeb1e1e323,2024-05-20,891d8ed1-6a7f-4cf7-98f6-ddc8cdb2f6af,93.03
3356b3d6-3afd-4499-909d-5a9a45acbef4,2024-02-12,8dec112c-7a18-437a-89b3-91edf8bf1bac,184.11
ef04fcde-6a4b-4cc7-a535-51b002f48613,2025-03-14,fce4718e-8390-45f8-b9cb-629ac0e5f6aa,49.67
cd37ab57-88f9-4d23-9733-7b8abd56b07d,2024-02-23,940753aa-23a9-48f5-b639-faa274af162e,179.61
cdda81d9-c571-48ef-8534-58889cbf2aa2,2025-04-12,785a1b10-3e5a-45e9-bc77-aa2b40f9a49a,121.75
9ad80a3b-469d-4f0b-b4fb-e8fb6f5f6fef,2023-11-06,b9c9af1a-d027-42c0-8f8e-d6f735a5957c,87.26
a62b380e-acc4-4c95-a045-8bfc383f9805,2023-08-05,215376ea-74ec-46cc-a595-a13591afcb62,38.08
71bf4d9b-3d25-4869-beca-dd8b61262917,2023-08-10,3bfbd44c-1a0a-4964-b81d-485360306ad6,30.91
f9d204d4-e2d6-4e8c-befd-616fc9bc8939,2025-03-11,1aea8ab9-844f-42b9-8101-ec26b7ecbff5,150.23
b34cee6b-f3b3-42ea-8025-7c911a531449,2023-10-25,27569e41-2504-408d-8045-563f37a628e8,111.11
a008aa2a-bc5f-4330-a59f-805adc644351,2023-08-12,88bd1a44-aa5f-4a4d-8272-aea14662c6e9,81.95
ea649e9d-1660-4824-a0a9-8f41303586f1,2023-09-08,3a3b025c-2751-4c75-a94c-2c6567141bd5,49.77
7ba43082-cb00-4c44-b8d4-b2fb7c9274e7,2023-05-27,9f9a40f5-3e74-4d47-bd07-7e5035f03a71,61.94
c0c37842-56ac-4099-a682-46b6a242d824,2024-09-19,d2939c60-e821-4165-bec0-2227defee975,187.88
ad3f30d9-bb62-4ea1-a8c8-5a432f204250,2024-01-31,b5c6eb62-a28c-48a0-8551-ab318a1df8a0,100.59
e16dfc4a-c273-4b26-b833-821a3957e879,2023-11-13,aad990b5-3315-4769-9219-84c5ea1c54e8,77.24
e2f15cef-94cb-4370-ba66-f6ecab28b170,2023-06-24,d4c4cf8d-ca80-4d57-b27a-6b4fc9abfa0f,76.8
4cebfc8e-279c-4a05-b253-de04dab7945e,2024-09-04,9e11075e-700a-4981-9a82-0e1de3029323,159.61
081000f3-6dde-4b62-894b-54ed68521d7e,2023-07-10,5b227380-d28e-4918-8bd9-92a5b5c8a416,20.66
205f3ced-25f1-4d06-b78d-0567b4e9c9d3,2024-12-18,bde39c78-2cff-4e2c-b2e7-2b7e7a37e7d2,141.78
01129122-5017-4010-8220-f3b3bdb32c28,2023-07-27,5494f424-1ac1-4fd0-b806-4f77c1085add,107.97
0dc17f17-8f06-4c44-9b21-e5841e0601af,2023-07-18,dc119bea-ccb1-4607-a67c-657c3608d7e6,27.65
00e8c109-3025-4270-8086-4f20d4f0aa94,2025-02-22,6cb90d53-bb68-4ac6-be7f-3b323aaf43ba,48.35
f1a8b124-8c1a-420c-a6e0-7ee7ac9756c8,2024-07-15,16cd07c3-cd2f-45a0-8695-49a92eb3276d,12.03
0f33c174-d244-47e2-8667-aea7e3f07169,2025-05-08,b86549e5-52d2-48f8-b85e-af444efcd487,84.34
742ef203-bc6c-47c6-9c23-37cfceeb6d5b,2024-07-23,02e8ee1e-eb4b-40de-ae78-e01f15872cff,129.15
c5e22c3b-ccb4-4e61-9c7b-4217b6793e23,2024-02-16,5e9778bd-fd4c-48db-bec9-1df2da6ad40f,93.96
f558edb0-30d5-45f2-9285-7235193701ff,2023-10-01,16cd07c3-cd2f-45a0-8695-49a92eb3276d,93.01
e6161477-81ba-46f5-95b1-0220dec865a5,2023-10-23,5e4ab2e0-e199-463e-b63c-a72ce0bb3b78,100.54
53e42343-f41d-4524-90f9-122a2fe05abd,2024-11-17,fb84ca54-eaa8-44e4-846b-d7c81a321d02,92.26
4ca8838c-af22-46bd-8f18-63dc3a076988,2024-09-20,a89b04cc-d1fb-41a3-ab8e-e0b7b002c866,141.72
ddeaf4ba-9300-47ad-9510-03022d4d3c20,2025-01-04,051a7138-6f3c-49f0-a3e7-1be1f5c97bc4,171.33
07f535fc-4f09-4bc8-b81a-f21991a8d2cd,2025-03-02,491e8d8d-2c63-444d-84ee-b2bce4f6a8ad,156.1
8621cfd5-77e6-4313-8fb3-9ed33ae814ee,2025-01-29,58ea5d32-2634-4e44-a228-5db99e059909,46.49
9c095470-9c4c-4ceb-b054-c47f9f7a7e9a,2023-07-08,5b227380-d28e-4918-8bd9-92a5b5c8a416,153.13
fb1a152b-4fde-439c-9fd5-367c130a1a75,2023-10-12,cb48e2d5-2e67-4854-bc64-ccb29e75722c,96.96
1c3501f9-a426-4877-9cc7-d22609a1d3b2,2024-12-14,518293c8-d899-4a48-8655-c6951dd9b60c,93.09
c5abf4a8-443a-4932-8951-52c0026e9f14,2025-01-30,1d9cc34f-688e-4271-9f12-4d4f2529a524,199.04
c53f9540-1e4f-4d66-ae21-442e393ca276,2023-07-09,449eb337-96c9-4550-9724-ddf146972d28,70.74
60def928-de4c-4f68-934e-4a9321107520,2023-08-16,cdf3e700-b4d1-4d21-9fb2-c235a4ae0a82,26.54
b8a3af0a-3fbb-4abd-be20-fb86dc7db667,2023-09-25,231c08b7-840c-45b8-a129-cd00bdb68c85,160.82
cacff7ec-43c1-4092-aaed-662a86f684ce,2024-03-26,88f6be8f-b265-47ad-92ec-fe755c58a717,25.43
a965369a-6c49-454a-b02b-ced326533521,2023-06-09,518293c8-d899-4a48-8655-c6951dd9b60c,153.94
56674ff8-82e5-42d0-b053-f5e3b288e05a,2023-05-15,cdf3e700-b4d1-4d21-9fb2-c235a4ae0a82,92.68
c87e4e1e-fe9e-49de-9377-9518678b2bff,2024-02-27,2a0776dc-674e-445b-8fce-0a8c320e391b,11.95
6719f77d-aa45-42c6-b337-2b312acf6093,2024-05-12,5494f424-1ac1-4fd0-b806-4f77c1085add,104.38
a414e023-1c6e-4bbb-bc02-b2a62b0f2fa5,2024-03-01,1909464a-5f4f-4bef-af4f-495a59a74a76,30.69
9944a1bd-26f6-4246-aa68-089f103aa2bc,2024-09-08,d2939c60-e821-4165-bec0-2227defee975,114.95
e5dcb956-64e2-4bc1-91a9-10cbe5011d48,2024-04-05,6da0a997-675d-4993-a4ec-d0388478c93b,182.34
7cd515e5-0b99-428f-8cef-382776309da3,2024-07-05,d2939c60-e821-4165-bec0-2227defee975,25.44
93020c81-9461-42bd-a480-3461394404ce,2023-10-26,2d4b1aa9-ce0e-42c4-bd82-5b06025a9548,195.84
6fbf13bb-1349-47e7-b3f4-ea60b638b2e7,2023-07-13,88f6be8f-b265-47ad-92ec-fe755c58a717,125.98
5052c35d-649f-4e72-a837-a6282ef26762,2025-04-30,2a0776dc-674e-445b-8fce-0a8c320e391b,75.98
1d6c0638-7401-40b2-814b-2dc243d557a0,2024-08-14,da560e70-a40b-403e-9579-a1af451d8a16,163.46
8f104f32-f5c9-4020-b510-37044ac737a4,2024-10-09,d4b154f4-e92b-4d05-a9a8-54234bc79a74,109.97
c467fbc9-55c1-4503-94a9-d21891b52bea,2025-03-14,6e2bb97a-adca-4960-bb8c-cdc03f00ce7a,32.17
2069b3cf-9943-48ee-8827-e0399f357400,2023-11-11,2b616e6f-c63c-4000-81ec-99e3186f2c29,189.11
36c61541-db47-4af8-b1d2-13a04630c17f,2024-10-25,eaece952-8869-48c7-b89f-fa65f56d0716,140.57
65601694-7e9a-49e1-854a-f22d64c6a055,2024-04-03,2beebe68-00cd-4a77-9ac8-d394a5109a98,30.51
1a72d528-3435-4ed4-82de-b7eace423393,2023-11-30,bde39c78-2cff-4e2c-b2e7-2b7e7a37e7d2,106.81
5ea0acc7-b5d8-4850-9a3c-e1ae01440706,2024-09-09,57279ab1-1e40-48eb-baf8-f99812bd253f,100.58
35382384-5b98-4d90-bc48-0b18d74f6c3e,2025-03-08,f846984b-76b0-492e-86a8-81ae175a0a2d,107.36
8df2c91a-427d-41d1-87d1-e2298e597ef1,2025-02-25,cdf3e700-b4d1-4d21-9fb2-c235a4ae0a82,112.55
05259be0-c1e6-4c42-8386-44a70121166a,2024-05-15,5b51ec2f-0644-4346-96b5-7790af886f88,91.16
c2601a17-37b7-40c4-b4a3-9df168a9d4c0,2024-02-28,751ceaa2-4b1e-4d38-9b00-267b837c9a58,88.23
a5cdbfa7-0f22-4b63-80f9-e4f2443d2c95,2023-11-29,49abb938-6d44-4621-abd0-a79f90745f46,38.37
af5320f4-cd37-407d-9c5f-ea4f15dfa0fd,2024-01-19,518293c8-d899-4a48-8655-c6951dd9b60c,24.66
3e8dc3dc-e4d3-4b8c-ae98-9b13609c80d7,2025-01-16,cbd0d7a5-ea01-4729-8cab-5a73abfde854,96.94
c5ac99e3-40c4-4a57-8047-36d5ea19f70c,2024-04-02,55739d26-4ae4-41db-9f7e-3da25ff6243d,146.6
ce4c5bc5-ac48-476e-a776-4eecb7193265,2024-12-31,2a0776dc-674e-445b-8fce-0a8c320e391b,173.24
a8971e3b-f693-44e5-89cf-56c5ee37dce9,2024-02-12,79441ad6-8d0a-4b5c-b444-f6c3e9804b81,65.55
9153777e-1ce8-4393-ba16-24826fb68384,2023-08-16,a5db0184-7f1b-4138-b05f-2f083245db21,169.36
aeac997b-b516-4d82-9376-d0d46b2d3661,2024-04-05,57f43f6b-099c-4afa-b2d3-512e92a480b8,134.73
49f5cd71-1abb-4266-b65a-f63410d949d0,2024-07-26,bd720945-5b8b-49c0-9af1-a0fb659ff797,115.13
bece5a6b-db45-41f5-8914-3b637f6ccea6,2024-11-29,1d1a0849-86fd-4a1f-aeab-b3b06c665f77,168.48
27c8229f-ac6e-4c8a-b60b-a0a7558d516b,2023-10-19,64fdaa9b-8f58-46be-9a6b-6c75ad3cad7b,35.02
df8a63cc-943b-4bd9-b64b-2aa3215df54e,2024-05-29,c9094f9f-42f6-4e76-9a1d-b09828eeb7bf,114.25
e40cc6e7-3038-416d-a5c6-b7ca8a0c89bb,2023-10-17,02e8ee1e-eb4b-40de-ae78-e01f15872cff,153.57
1b8108e3-d6f4-4e9d-905d-d823bce916af,2023-05-19,b2218b99-5757-4f7f-ba7c-e6f7d2de4bb4,20.58
7a1a057a-e51c-4f81-837a-454aff1c0f76,2024-07-17,438c34b7-e10b-4e35-b806-47fa2742e526,186.99
a1b2a6fc-d686-4de4-86f9-8b0261cec84c,2024-08-04,57279ab1-1e40-48eb-baf8-f99812bd253f,152.06
a9c4ff80-d016-42c2-b98b-9c64fde90082,2023-10-04,1d9cc34f-688e-4271-9f12-4d4f2529a524,145.93
d417e540-a74b-4d12-aef3-699165280da6,2023-06-08,9e7e938f-8618-489e-b65e-fc3b70761156,109.64
bb7aca68-6aae-4fe4-abed-b6721abf5ac7,2024-03-04,5ea416a6-da45-4c37-99b6-8f6d2f9a3809,31.06
e50c0a37-2516-4798-a6c3-721eb07a979e,2024-01-21,8eefd022-9442-4752-9d98-ca7c573dfbd5,31.72
35b32c2e-76d3-4249-a3a2-ecb76951877d,2023-12-12,1df6617e-9081-4122-a5f9-bd650aec8736,83.83
61486270-f67c-4ee3-a512-883006d2a297,2025-02-15,751ceaa2-4b1e-4d38-9b00-267b837c9a58,20.71
dd2111d6-1b3b-4174-8f0b-b4e83c145cbb,2024-12-26,aad990b5-3315-4769-9219-84c5ea1c54e8,183.54
14426ff4-9d47-44df-a32d-457f71eba605,2025-01-25,215376ea-74ec-46cc-a595-a13591afcb62,20.96
1b8409e9-526d-4996-99f2-4563b3b379e1,2024-10-14,bd720945-5b8b-49c0-9af1-a0fb659ff797,113.45
7d1fa0fb-cc3a-4275-9849-a78a838d5c84,2023-11-22,a87901e7-53e2-47d0-9577-3b66566ed432,33.59
e1339d5f-5176-4ccc-8ae4-97167cf62bc2,2023-09-10,58ea5d32-2634-4e44-a228-5db99e059909,155.56
67ff82b5-d422-4c68-ab33-090684950968,2025-02-10,231c08b7-840c-45b8-a129-cd00bdb68c85,190.06
d044bb56-d86d-4fae-94a3-305cce17b411,2024-03-19,a5db0184-7f1b-4138-b05f-2f083245db21,104.88
abee5edf-69da-4cff-bace-5355b1215adc,2024-05-28,5494f424-1ac1-4fd0-b806-4f77c1085add,129.23
922402c4-8169-4084-af92-246e80b22a25,2024-08-19,1078cd0c-2554-4893-a546-5bb22b85e469,56.97
55a8294a-3465-48ce-bf4f-c80a8e61b49e,2025-01-13,88bd1a44-aa5f-4a4d-8272-aea14662c6e9,60.75
d08b8869-a83d-483b-922c-1334056b46ae,2024-05-12,4dee1975-fe4c-4dcd-8820-f69a7c11b7d6,40.72
f4dd5cc4-1dd7-449c-ab3a-16d1435f1351,2023-12-17,8dec112c-7a18-437a-89b3-91edf8bf1bac,70.95
0ffb8cce-5321-4a5c-8ad2-54c2e6eba358,2025-01-09,8cafdb72-595e-4d8b-99fe-948803a5b3e5,194.85
052f76aa-7c99-4c67-8308-1ed6dc508c01,2024-11-18,8dec112c-7a18-437a-89b3-91edf8bf1bac,187.89
ffad72f3-3675-4550-b529-2669021ec11e,2024-06-01,3e952962-cef8-42f8-9c8b-47b2d3949f44,198.11
689a014e-ddaa-47fc-8692-92543858fbec,2023-05-12,88bd1a44-aa5f-4a4d-8272-aea14662c6e9,57.73
fd528224-04bf-49eb-a04f-4730fe2ec8e8,2025-04-08,0058a4f2-0077-4177-b5aa-b4e9c2447fb9,199.61
b4f1b1d2-8ae1-43a5-8fe2-edd75066b3be,2024-09-26,c9094f9f-42f6-4e76-9a1d-b09828eeb7bf,193.84
00f703c3-5574-4988-8eb1-c409ae697164,2024-06-26,2e6062c4-59d4-417f-bcf9-2ad1f7b3a140,10.38
69e5b403-e04c-4bf7-998e-6a04b86e859b,2025-01-16,2b616e6f-c63c-4000-81ec-99e3186f2c29,151.55
b094cd98-d08c-4491-9dda-eed45e2a055f,2023-10-01,380b04c3-7e30-4546-8f66-0c615e340d3e,176.63
1cfcffb5-ad3e-4dda-8a3c-b8ee824fa2be,2024-01-10,a9c7e087-c36e-4e5b-9e63-c59b60dfb8dc,132.79
a3b31c1f-4ac6-4b40-83d0-3309732b6792,2025-03-13,4d8108b8-bfa4-40e2-97e4-7424c663196b,108.24
32487391-e795-448f-bf94-648bd7eef288,2024-07-24,491e8d8d-2c63-444d-84ee-b2bce4f6a8ad,56.99
2ec5b41b-daaa-4fa0-a204-672aeccb8128,2025-03-12,75d6ebd7-7418-4ee4-bab0-0035cd8d3a75,47.04
0ccf6bdd-4d0d-444d-a9eb-4f2cf6dcf9c6,2023-12-10,26be622a-2536-4d78-9cd9-13fe3a4df4e3,174.04
f16d628a-a01b-4973-b0fc-37a0b466c47e,2025-02-27,accc576f-3e1b-4c1a-a6cb-fe91809dd640,174.06
70311b01-9ee2-4636-8ada-b29b4202c0b8,2023-12-21,6cb90d53-bb68-4ac6-be7f-3b323aaf43ba,132.15
63ab8b6d-f67f-4bc4-a61b-6f73c7249c63,2024-11-15,55739d26-4ae4-41db-9f7e-3da25ff6243d,100.5
3f63100a-639f-4a0b-bc20-9548360be136,2024-08-17,dc119bea-ccb1-4607-a67c-657c3608d7e6,47.87
3702ccc8-4a56-4d38-a350-667e6097e381,2024-03-04,c842e2e3-fdb4-4db5-8b7e-3bf8bd76466d,116.77
184552b3-b5dd-4238-ab4d-1d0e6339849c,2024-07-01,bde39c78-2cff-4e2c-b2e7-2b7e7a37e7d2,98.87
fdf510a2-c330-40bd-89b5-db7a24afe444,2025-04-03,f846984b-76b0-492e-86a8-81ae175a0a2d,45.46
3dea61f2-f373-4052-82ec-5bf7b51be04d,2025-03-27,9f9a40f5-3e74-4d47-bd07-7e5035f03a71,23.2
ba40d4b8-61f0-4118-b6c8-70ab882435df,2023-08-16,7fe3e4dd-fa15-41ff-a994-195ac0cb8109,91.62
3de238fb-0c73-4f60-a18e-db503b884f34,2024-06-17,88bd1a44-aa5f-4a4d-8272-aea14662c6e9,44.26
0609b70d-6f8b-4808-8c02-e6461c5c9d07,2025-05-10,28b18d8b-33c0-4dfd-8056-764f3e7c7d63,78.9
89019397-6337-4fa2-b4f2-84ad6674ab4f,2024-07-02,0058a4f2-0077-4177-b5aa-b4e9c2447fb9,188.66
4b560f0b-d61a-457c-9fb4-23df45dad11d,2024-09-16,cd5a1c8b-f9cc-4d68-82f0-1c959a75526c,105.91
eec6253d-2318-4ab0-9ccb-b21f968a8030,2023-08-20,cdf3e700-b4d1-4d21-9fb2-c235a4ae0a82,136.85
43a44572-a095-44fc-b4cd-c7f566431fb3,2024-10-01,cb48e2d5-2e67-4854-bc64-ccb29e75722c,112.69
7835edbd-9adb-45af-b19e-c6055f1b28fb,2024-10-03,130ffb16-8819-46d1-894c-a36fc87c56bb,62.9
bc3720f2-5e4d-4b9c-8477-2f4cac855b24,2023-12-01,341e7acd-f1a5-4c8c-b651-471dc1eba59e,24.67
da561764-8b69-46b7-9f6b-bed97d07cf47,2024-06-06,1d1a0849-86fd-4a1f-aeab-b3b06c665f77,110.13
6a84809a-47bb-4dce-b6d5-f2e07ef461fc,2024-03-28,5494f424-1ac1-4fd0-b806-4f77c1085add,197.37
90913ec2-5b96-4a05-9f20-e63afe4a5e68,2024-12-19,5e9778bd-fd4c-48db-bec9-1df2da6ad40f,128.26
8863f882-4576-4e73-809b-038798b2775f,2023-06-21,891d8ed1-6a7f-4cf7-98f6-ddc8cdb2f6af,88.47
44e94a7c-1e5a-421e-9608-06b36d230f06,2023-10-04,16cd07c3-cd2f-45a0-8695-49a92eb3276d,184.29
f6b22322-f6e2-4262-aa23-cc41217f6283,2024-01-31,710ad339-6e75-4866-976d-be0d9d03fc51,42.15
b8c92e1a-44f6-428b-aef7-a800e79116a9,2024-06-23,7b901a9c-26c8-4cbd-a56a-6f5b5d35c541,45.6
f442ec3b-310e-4bf5-b6fd-198a62d3de02,2025-01-13,2e6062c4-59d4-417f-bcf9-2ad1f7b3a140,157.99
2df70480-b7e3-4498-a37e-a9894fe5c477,2024-08-17,85343c56-b887-431a-903b-a88af811b89c,168.59
1aee46db-c8cc-493d-9c22-d5af9f4b91dc,2024-01-24,1b06c7aa-b1a1-4d23-9d5c-c3d79b86b56d,148.65
a604c6cc-ed8b-40d0-8117-e704a5250494,2023-09-07,88f6be8f-b265-47ad-92ec-fe755c58a717,109.19
78b43b1f-e800-436c-8a25-d81a87aecd3b,2024-05-18,3d09acd8-ec2c-4d8e-9d25-c2445d308162,198.38
17592620-fcee-4bf2-ad07-5f0a4896f093,2023-06-19,8cd20255-126a-4b15-a97d-a2113a8cbc95,47.71
8a0c2679-71bf-4eb5-b83b-68120bbcd17d,2023-11-18,ce7b1ebf-3f2e-4ca4-9003-92417283e6ab,91.54
4e408183-ae1d-47a9-977d-d062fc4a0d56,2024-06-05,1909464a-5f4f-4bef-af4f-495a59a74a76,65.84
a80c30ce-5a89-49ba-9224-c1e1c291d471,2025-01-04,1909464a-5f4f-4bef-af4f-495a59a74a76,104.33
17858a97-cd88-43aa-8b14-57890f79f0b8,2024-12-17,518293c8-d899-4a48-8655-c6951dd9b60c,192.14
e4f46f2c-c57e-43d6-845d-e36d0bf08bc5,2024-05-25,940753aa-23a9-48f5-b639-faa274af162e,124.93
707bc840-724f-45f4-9c80-df337a45fd17,2024-02-09,5c6a1b0b-97a5-47bd-a47b-2ec72cd862cd,168.45
f74c7bf9-4e67-4353-bbff-046b31aa1f6e,2024-02-06,fce4718e-8390-45f8-b9cb-629ac0e5f6aa,83.04
3a07467c-d28c-4266-88eb-41b14dd5e2a3,2023-08-16,807df000-847a-4131-92bd-33e4c93d9dfb,20.77
96754ae4-3971-4b5c-a387-137f188bfc51,2024-05-06,d4b154f4-e92b-4d05-a9a8-54234bc79a74,156.18
045b92f4-5779-4f15-92f3-c29375fbcd0d,2023-11-27,85343c56-b887-431a-903b-a88af811b89c,185.95
b5e6abee-aab0-4b64-b248-522200a9d144,2023-09-13,cd5a1c8b-f9cc-4d68-82f0-1c959a75526c,115.79
19ecedac-005c-4d7c-afee-3bfc8ffb642b,2024-12-21,49abb938-6d44-4621-abd0-a79f90745f46,122.01
5bc46afb-6be1-4076-87e0-7b34df8d8b47,2023-08-11,215376ea-74ec-46cc-a595-a13591afcb62,63.25
971a63e9-3ae6-4b52-bbba-953857c88b23,2023-10-18,d9d02f1c-0b39-49da-9849-415873a7cf85,42.49
a1366cfb-7cdc-480f-a472-67d109ad58b4,2024-04-04,6f101de3-696a-47df-a151-0f5058a5d293,116.76
759c06a1-ceac-4d0d-a5c1-14a2e04d208b,2024-10-10,da560e70-a40b-403e-9579-a1af451d8a16,108.83
758dc9bb-3963-478a-a92d-d28673502b1a,2023-07-09,5ea416a6-da45-4c37-99b6-8f6d2f9a3809,126.43
4347af01-0ba3-4f2e-abe2-f26d5d590248,2024-09-29,92438639-305b-453e-9deb-99325dcae835,31.44
6c12fc13-caa2-4fc0-ba1e-36640c631b1b,2023-05-21,3e952962-cef8-42f8-9c8b-47b2d3949f44,158.87
26d1830a-31a9-444e-af37-0053f04c0213,2024-10-04,3edd4b53-3cef-4f2f-8a3a-6bd3c7a6b54a,185.56
0e6c89e7-f7c7-4f63-8b71-b6330eb94b1e,2025-04-26,074a6a58-7c0d-4330-83c9-973407ac5384,21.99
4b72137a-ee5b-48f7-b304-7dc72131d603,2024-03-21,64fdaa9b-8f58-46be-9a6b-6c75ad3cad7b,184.39
6564e4cb-f785-4c0b-8f6e-dff8ea1cc274,2024-06-29,d4c4cf8d-ca80-4d57-b27a-6b4fc9abfa0f,45.45
ed029b14-61ff-4b37-ac10-d8bc3a36fa77,2024-07-31,5125bb4e-6802-4887-993d-f7388b482c4a,191.2
3f25514d-0979-4e7f-b8a8-ad20aec28b12,2024-10-10,5c6a1b0b-97a5-47bd-a47b-2ec72cd862cd,110.44
1ff40c62-8506-4274-9a28-08c5131074e1,2024-09-20,b5679a67-41b0-4944-9443-6f3734db2045,148.42
f94f44b7-ad8b-4e30-b7b7-9aa8d1beaa1f,2024-01-25,3bfbd44c-1a0a-4964-b81d-485360306ad6,72.51
a3009f8e-0ac7-4bf2-8152-dc3ce1d82304,2023-06-18,75d6ebd7-7418-4ee4-bab0-0035cd8d3a75,140.55
554e99db-938d-4702-be78-8045fc2fa3a4,2023-06-06,906424ab-25e4-480e-82fc-3ddcd26d8746,183.95
c15ad953-bd53-4d46-9313-a6523711e392,2023-11-12,5b51ec2f-0644-4346-96b5-7790af886f88,66.85
a7f0dac3-5ce9-4515-bb55-809669504854,2024-07-25,a89b04cc-d1fb-41a3-ab8e-e0b7b002c866,111.23
cd110b4f-feb0-4603-8864-082860134fda,2024-11-25,710ad339-6e75-4866-976d-be0d9d03fc51,48.2
655fee00-33e0-453e-9ea4-fac902b63c71,2025-02-18,fb84ca54-eaa8-44e4-846b-d7c81a321d02,32.48
a06b64cb-85ab-4dc5-b55c-e9e65b990b04,2024-08-22,85343c56-b887-431a-903b-a88af811b89c,90.52
ca67dfb5-620b-4dea-acc6-82b22704ea62,2024-05-22,b4716b32-65f4-4244-b0a9-5b3c6080e0c7,116.74
4e4dda43-00f3-4c75-827c-38c50b20e192,2024-09-15,238b1302-5b9c-4369-aa99-3b6181f27dd9,163.63
6142bbb0-6392-44ba-902a-031a0ba7ca5e,2024-07-02,eaece952-8869-48c7-b89f-fa65f56d0716,179.42
5bfe7cc8-06f5-4d06-9d10-792707ae34a1,2024-12-21,5da84e1f-06e4-47e7-be1d-4e71ece59381,20.84
be012a1a-5cf1-4344-81bd-76e3ad37671d,2025-04-11,1078cd0c-2554-4893-a546-5bb22b85e469,193.38
87bbd004-88e4-4022-92e9-9320b5c83c6e,2025-01-29,ab0be505-4745-4eed-b253-3d8b18b5f3c4,66.97
56006c16-2a52-46f4-9cca-82be6bd318d6,2024-10-22,fb84ca54-eaa8-44e4-846b-d7c81a321d02,163.11
8efa9668-275b-4ac8-9301-e21005597102,2025-03-08,25ba92e8-3fcb-4fda-99ef-9a995fa50070,123.27
f0fcd148-c166-45cf-8df9-f3da4709c96d,2023-06-29,c842e2e3-fdb4-4db5-8b7e-3bf8bd76466d,159.54
6cd061c9-46c9-47bb-82a4-a0ca82d4577a,2023-08-01,a9c7e087-c36e-4e5b-9e63-c59b60dfb8dc,45.25
04f8aa02-323e-457e-a191-da8fcb77ef70,2023-09-23,5125bb4e-6802-4887-993d-f7388b482c4a,197.54
bf71e040-acd7-43a2-abf0-577c62e7dfac,2025-02-20,25ba92e8-3fcb-4fda-99ef-9a995fa50070,190.1
65d929c9-ca22-4ce3-9fdf-e5b2a1b1e442,2024-03-12,17b6a042-be9c-4101-b2d9-1934b5bfca07,31.34
814d6784-76d1-42d4-b40f-441be2ba11eb,2023-05-12,95dc097a-f41a-48ec-a29a-df15cd756523,178.63
d41f1013-9ac6-403c-a5d3-2d7acf581b4f,2023-11-10,d4c4cf8d-ca80-4d57-b27a-6b4fc9abfa0f,132.86
56c30c79-130f-4412-a12f-775b323cf1f2,2024-12-17,c0ed215a-fc81-4daa-b928-427236a90d33,85.34
e97179d9-36e5-4e6c-9977-36415d3cd562,2023-05-24,28b18d8b-33c0-4dfd-8056-764f3e7c7d63,181.35
44946bcc-3006-48bf-9f73-01c2a924a6c2,2024-01-13,31bc078b-a569-4c86-927c-58f6ecaf8c4a,169.11
931c2e7e-ba60-4688-b176-4c5b5a33d306,2023-06-09,8eaa0950-e983-40f3-9b7b-22c1ee72b17c,71.49
4c05bc60-f6e1-4282-8e22-81e462565ac7,2024-05-22,57c8aaa3-bfdc-41da-a37f-d67b7fbdc149,27.08
7c0d14bb-44ea-4e0f-9232-028932327279,2024-05-09,57f43f6b-099c-4afa-b2d3-512e92a480b8,95.35
e5500811-5266-4755-9bc2-127de96aa5d8,2023-12-08,1078cd0c-2554-4893-a546-5bb22b85e469,32.56
f45d3918-4143-42be-88fd-c6f71693fbce,2023-12-20,dc119bea-ccb1-4607-a67c-657c3608d7e6,69.25
6ce12caf-3f5e-498c-93ac-9a8aa391b7d7,2023-11-14,5e4ab2e0-e199-463e-b63c-a72ce0bb3b78,111.84
9f0b82f7-8fbd-4f8e-abb4-aeb247cd89d0,2024-07-07,3377e2b3-908d-4523-a713-68aa1dd51150,119.4
ba2635f5-de7e-44bf-add7-d6594137ed53,2025-04-01,9e7e938f-8618-489e-b65e-fc3b70761156,163.99
82601649-baae-45d2-9655-e06865ff7119,2024-03-20,130ffb16-8819-46d1-894c-a36fc87c56bb,23.94
03a104b3-1d3e-4828-bab8-850f34175983,2024-10-14,a9c7e087-c36e-4e5b-9e63-c59b60dfb8dc,91.54
90757df2-8a0c-46d2-be7c-86ae0838f4e1,2023-05-31,8dec112c-7a18-437a-89b3-91edf8bf1bac,187.76
da379507-0440-457a-9637-34f435231980,2024-08-18,7fe3e4dd-fa15-41ff-a994-195ac0cb8109,69.76
b5134fa9-29e1-484f-9437-392bec475f54,2023-12-07,810a1e78-f9cb-48a9-bc4e-027707a1a21b,189.55
28638de9-3061-45f9-ba3c-d5f71cfad76b,2023-10-18,3d09acd8-ec2c-4d8e-9d25-c2445d308162,197.66
5f5613c9-97c2-4fc0-b6d8-c938df2829a4,2024-04-20,5de4a113-d72c-4ca9-a3bc-47d06804a627,66.11
67947561-1b8a-4606-b3b9-62e191eae918,2024-03-17,a87901e7-53e2-47d0-9577-3b66566ed432,80.65
3f9f9a05-b384-486f-a362-98e668d0fcda,2024-01-26,891d8ed1-6a7f-4cf7-98f6-ddc8cdb2f6af,109.68
afe26bf3-b94b-4d22-9fbd-4dde86b8294b,2023-11-18,167e074b-f5b7-4fc7-acf5-e71ae18ddd1d,153.11
c879be72-0e3b-45a8-887f-ae9d259223ce,2025-04-30,238b1302-5b9c-4369-aa99-3b6181f27dd9,30.59
fb4696c3-23da-456f-b0af-19b0e8e0157c,2023-07-18,5494f424-1ac1-4fd0-b806-4f77c1085add,53.62
64590b3e-8382-4357-a5a0-960005e54203,2024-05-01,6f101de3-696a-47df-a151-0f5058a5d293,74.02
91edb8b6-bf47-40da-b72f-c60234650fe7,2024-07-12,fce4718e-8390-45f8-b9cb-629ac0e5f6aa,37.46
0897171f-6b78-48d8-92fc-ec8d3dd56ec9,2024-10-17,074a6a58-7c0d-4330-83c9-973407ac5384,81.06
591297e7-2333-4eb7-848d-0a3e9ba44ef1,2024-11-09,a9c7e087-c36e-4e5b-9e63-c59b60dfb8dc,103.45
c3b01220-82df-47f6-a30a-b2c3bbf0e3e2,2024-09-13,3bfbd44c-1a0a-4964-b81d-485360306ad6,71.07
6fa76985-d94f-4ffe-896f-097641e52e40,2025-02-03,9e7e938f-8618-489e-b65e-fc3b70761156,163.97
271b560d-663d-451d-953d-103a19eb1c2e,2025-03-16,accc576f-3e1b-4c1a-a6cb-fe91809dd640,33.39
7def5718-4857-4f81-b47a-34611f439723,2023-09-15,b86549e5-52d2-48f8-b85e-af444efcd487,88.06
b35ca8c9-9811-4ddf-a7cd-3da00e4e1388,2024-04-21,a5db0184-7f1b-4138-b05f-2f083245db21,120.24
5597f509-f90f-4883-84d1-965823d7b4c2,2024-11-10,b0315359-1304-4169-af2b-543a0d4985ea,102.84
29a8f6b8-2866-4a43-b696-41ef3bfb3a74,2023-09-13,891d8ed1-6a7f-4cf7-98f6-ddc8cdb2f6af,171.41
b51cf939-2700-436d-8869-f1b8aebcb428,2024-03-15,5494f424-1ac1-4fd0-b806-4f77c1085add,25.3
199ea18b-3f59-4c7a-bed6-11055e23ffbf,2023-08-03,4dee1975-fe4c-4dcd-8820-f69a7c11b7d6,162.39
bf8f054c-71fc-4f01-bea0-2598e3c404d1,2023-09-08,cb48e2d5-2e67-4854-bc64-ccb29e75722c,79.91
ac651000-de16-47d8-a675-c919c2c865ed,2023-06-07,2e6062c4-59d4-417f-bcf9-2ad1f7b3a140,196.42
72fba143-0171-4603-bc91-7628054cf00e,2024-10-24,4d8108b8-bfa4-40e2-97e4-7424c663196b,130.39
0c3a7869-0c4d-48b4-af82-5801f946acfa,2024-08-23,1a74e002-2ca3-4225-bf4b-410ef565cb45,110.47
e1da79da-9760-49b1-aad6-6c98f56caa82,2023-05-15,b2849850-2ced-4778-a5b4-fbc950cd3204,80.79
1dbef83d-98d3-44bd-bb62-de3d04918239,2024-08-29,17b6a042-be9c-4101-b2d9-1934b5bfca07,123.84
5d9af76f-e696-4d4b-8952-cb66134a75b6,2025-02-03,95dc097a-f41a-48ec-a29a-df15cd756523,161.69
c7bf8b71-543d-4f40-b10f-35ecc38fda0a,2025-05-10,ce7b1ebf-3f2e-4ca4-9003-92417283e6ab,48.83
ee23de46-3a69-4c4a-9258-f9b8af4f8a08,2024-07-11,b86549e5-52d2-48f8-b85e-af444efcd487,71.19
e784fa8b-f858-4095-a47e-64ca03c26ca9,2023-12-02,da560e70-a40b-403e-9579-a1af451d8a16,180.26
1cd71453-2a2c-4dd7-b1b1-51bc4baeec1d,2024-05-30,710ad339-6e75-4866-976d-be0d9d03fc51,96.14
01f2f8c9-8045-4b49-9416-a4b640c9ce68,2024-02-09,5b227380-d28e-4918-8bd9-92a5b5c8a416,35.87
6cfe47fb-8d2c-4fcc-8fdc-ad9cd991b69d,2024-12-06,55739d26-4ae4-41db-9f7e-3da25ff6243d,116.46
f7201813-7556-4ff5-8c60-83995e056373,2024-09-07,3e952962-cef8-42f8-9c8b-47b2d3949f44,75.3
f6511b27-d305-4826-9fb9-a32153b49604,2023-12-25,aad990b5-3315-4769-9219-84c5ea1c54e8,42.66
d966eabd-6dcf-414d-8d3f-944fbf94e91b,2024-12-20,491e8d8d-2c63-444d-84ee-b2bce4f6a8ad,172.22
c2b6cbd8-2e6a-411b-b61a-c78d33a5a3c4,2024-03-31,a89b04cc-d1fb-41a3-ab8e-e0b7b002c866,120.4
613a0259-c74b-4acf-b61f-ce76a7d79e40,2024-08-18,810a1e78-f9cb-48a9-bc4e-027707a1a21b,165.84
b3923b4f-f7b5-44cf-9126-e57a870bcdff,2024-01-04,940753aa-23a9-48f5-b639-faa274af162e,125.5
a6904172-8e0a-4cda-9e4e-adfd48406485,2023-06-29,1df6617e-9081-4122-a5f9-bd650aec8736,135.89
8c7b1699-fe79-42ac-84c6-abc96965747d,2024-05-22,e45f0321-abd2-4bf8-a0e8-ac70b60ce5aa,51.96
b0335e32-5fd9-4da2-9134-b3110aa7e5f2,2023-07-22,5de4a113-d72c-4ca9-a3bc-47d06804a627,82.1
308d76e6-b4b5-402b-871d-2dbb718cee5d,2023-06-07,215376ea-74ec-46cc-a595-a13591afcb62,27.69
41c634a5-2184-4583-ac9d-205507527760,2023-06-28,25e0c421-1cf5-4f3d-8248-aab5a5bdf2c0,137.81
0599de45-25f0-4c25-b521-11841e3529b1,2025-04-09,64fdaa9b-8f58-46be-9a6b-6c75ad3cad7b,185.89
29388dd1-e758-4332-a4b3-c7d55d130726,2024-02-14,17382051-6db0-46bd-ab68-39adbb06310c,45.45
63deb448-3e79-4c4f-b884-5d9e1425b510,2024-02-28,2b616e6f-c63c-4000-81ec-99e3186f2c29,198.32
bdeb7d67-fcb0-4485-98d7-ab81574b094b,2024-09-11,b5679a67-41b0-4944-9443-6f3734db2045,144.52
acd83f57-fe24-4fa4-ad7a-6f2cbb865b5f,2025-04-17,449eb337-96c9-4550-9724-ddf146972d28,165.49
aeb5fd24-45c2-4231-966d-d501441b19d1,2025-01-16,8cafdb72-595e-4d8b-99fe-948803a5b3e5,137.48
854220d3-31aa-4484-b6f8-6af6f1bc0f6e,2024-01-26,58ea5d32-2634-4e44-a228-5db99e059909,175.19
f61e23a0-22d2-4205-942f-dcceb009b77d,2024-10-05,785a1b10-3e5a-45e9-bc77-aa2b40f9a49a,140.82
12e209bb-eba5-4fab-8432-8c7ee62e04e7,2023-11-14,5de4a113-d72c-4ca9-a3bc-47d06804a627,149.19
526489eb-ff96-4798-a98a-050ba694682b,2024-12-05,fce4718e-8390-45f8-b9cb-629ac0e5f6aa,64.49
0ac20b84-83a2-41d5-a9b0-c8f9fa27c975,2023-09-14,d4b154f4-e92b-4d05-a9a8-54234bc79a74,79.91
43d3a423-c811-4afe-8287-b873dba73b13,2025-02-10,cbd0d7a5-ea01-4729-8cab-5a73abfde854,176.22
ebe284b9-926b-4296-858e-244a3bacfd7a,2023-11-27,2e6062c4-59d4-417f-bcf9-2ad1f7b3a140,127.91
0ee2052d-b373-491c-8a56-a2aa41118e35,2025-02-02,3bfbd44c-1a0a-4964-b81d-485360306ad6,133.63
616c9fa1-ee9b-4263-be30-7b1e6ccfc74d,2024-04-27,27569e41-2504-408d-8045-563f37a628e8,70.7
8573df57-8f4d-401d-b8db-2482986c36e4,2023-05-14,01484ff6-b7d5-4790-812a-03669b7fa3a7,147.91
c2bf2d60-12b9-4e75-893b-6b218090e35d,2024-02-14,1d1a0849-86fd-4a1f-aeab-b3b06c665f77,146.19
307d2acb-9cdc-4a76-8694-dcc3db83c4f6,2023-08-18,6da0a997-675d-4993-a4ec-d0388478c93b,76.66
d69bcc9f-3128-4cd5-b8ab-3e84fdc7aeae,2024-01-19,491e8d8d-2c63-444d-84ee-b2bce4f6a8ad,34.03
56b1ba68-d467-415d-922e-3eefc80a71e3,2023-12-06,d4c4cf8d-ca80-4d57-b27a-6b4fc9abfa0f,74.29
311f55a9-747d-4216-948e-b38c86825792,2023-10-06,860bcaf3-9c77-43c2-b3f7-c8ce47fea46a,14.71
d1ac72b3-ddab-4e36-bbb2-10907463ac53,2024-11-26,c7cd7f58-08e0-4db0-bf02-f0dc262a6108,129.94
38ce2b9f-8039-479a-8641-095b1f6b937c,2024-03-20,940753aa-23a9-48f5-b639-faa274af162e,42.29
de063b0d-bab7-4557-ba01-ad5bb3550971,2025-02-03,906424ab-25e4-480e-82fc-3ddcd26d8746,112.93
2b9be243-04aa-4720-991f-b3b7426b3306,2024-12-12,1b06c7aa-b1a1-4d23-9d5c-c3d79b86b56d,172.11
597b77d9-92a3-4bfd-82f0-775274b3a916,2025-04-30,da560e70-a40b-403e-9579-a1af451d8a16,197.19
3f0ece14-47df-42f0-9026-3dc3b144581e,2024-11-24,d4c4cf8d-ca80-4d57-b27a-6b4fc9abfa0f,16.9
fd4100c7-fba2-457a-a358-c98f77a037a4,2024-08-13,aad990b5-3315-4769-9219-84c5ea1c54e8,139.93
e85e5a1b-2ce0-43a2-9985-21e8f2b9bba1,2023-12-15,a89b04cc-d1fb-41a3-ab8e-e0b7b002c866,152.97
2c9e928a-977c-41dc-9759-d7d866c0c56e,2024-08-14,f846984b-76b0-492e-86a8-81ae175a0a2d,141.93
add9e339-bb80-4d43-a56c-54e1d913307a,2024-10-04,167e074b-f5b7-4fc7-acf5-e71ae18ddd1d,123.17
41cdc5e7-237d-4518-9c06-bf3e71df08ad,2025-04-28,d4c4cf8d-ca80-4d57-b27a-6b4fc9abfa0f,185.57
162a88eb-7789-4655-a531-29e9e96c5a10,2023-10-02,d9d02f1c-0b39-49da-9849-415873a7cf85,98.9
71e4eba8-8556-4007-ba74-3a4101b8664a,2024-05-14,238b1302-5b9c-4369-aa99-3b6181f27dd9,199.28
35d01782-ab39-472b-8141-7739fe0699fe,2025-03-16,8eefd022-9442-4752-9d98-ca7c573dfbd5,154.38
fdecb1b3-451f-4eb6-abf4-cdbedfde4a13,2025-02-16,2d4b1aa9-ce0e-42c4-bd82-5b06025a9548,124.42
5a2fa6ba-c65e-4852-b273-bd4478056fa7,2025-01-03,c7cd7f58-08e0-4db0-bf02-f0dc262a6108,160.24
1459bf10-f69a-43f9-80ba-b6421781277e,2024-01-17,b5c6eb62-a28c-48a0-8551-ab318a1df8a0,80.95
d60a4a1f-bc8b-4b77-a27a-209ac92bc0be,2024-12-08,231c08b7-840c-45b8-a129-cd00bdb68c85,151.76
7656b3e7-df0f-4067-b42c-05ba9a61e14c,2023-09-09,57f43f6b-099c-4afa-b2d3-512e92a480b8,107.43
1d9fdb77-320b-456f-a833-837d3abbf36b,2024-07-29,9e11075e-700a-4981-9a82-0e1de3029323,98.54
f1796ad1-3e92-4004-a36f-ecc1e2d5dc79,2023-08-30,5de4a113-d72c-4ca9-a3bc-47d06804a627,42.67
e8c15e20-6791-48d7-a71f-0a23c046ac60,2024-02-07,449eb337-96c9-4550-9724-ddf146972d28,194.8
a213a173-8114-4a0b-8067-b5dfa2d6154b,2023-12-15,2b616e6f-c63c-4000-81ec-99e3186f2c29,40.12
c3a3def7-395b-4edd-80b9-9d1b53da2d2c,2024-07-07,380b04c3-7e30-4546-8f66-0c615e340d3e,146.97
5a6414cb-6d43-48b6-9a74-3b9ab19ac4bb,2023-10-31,16cd07c3-cd2f-45a0-8695-49a92eb3276d,122.53
3af8dd19-fc72-46e8-a164-d297614c0553,2023-06-10,85343c56-b887-431a-903b-a88af811b89c,105.54
6dceffb5-6a5d-4400-94f8-343165a9e984,2023-05-18,fce4718e-8390-45f8-b9cb-629ac0e5f6aa,54.43
adc6773b-f763-4053-a83d-6b12a67e902a,2025-04-24,7c6cd470-efa4-4267-bf15-1f8ee2002dbb,25.24
d10a8cf6-8967-4399-9658-fe96730a501d,2023-06-20,5da84e1f-06e4-47e7-be1d-4e71ece59381,106.5
c581ea27-788c-415a-9843-43b7d0fc8b2d,2024-05-19,5c6a1b0b-97a5-47bd-a47b-2ec72cd862cd,75.28
149c56e4-9ced-4b2a-bf9e-3d94e13a58f7,2023-07-18,b5679a67-41b0-4944-9443-6f3734db2045,86.46
87c4402f-20f5-451e-b921-578c224fbe59,2023-05-18,273521c9-5e1a-4514-90df-ce69f0b5d10c,189.18
d5e4cc39-8860-4a27-bda3-2fe7881a2839,2024-11-11,273521c9-5e1a-4514-90df-ce69f0b5d10c,173.12
820c777a-100b-403b-a90d-2c0e447e0db0,2024-05-30,a87901e7-53e2-47d0-9577-3b66566ed432,196.36
fdd0cd8a-6f62-4d87-9b75-16a6b2abf41e,2024-06-14,92438639-305b-453e-9deb-99325dcae835,91.57
fc3e9f22-a355-4230-8f7f-2c6e1a724f1c,2023-05-13,88bd1a44-aa5f-4a4d-8272-aea14662c6e9,47.63
d5045269-4bb5-4c92-b607-a8c9353b85df,2023-10-22,7b901a9c-26c8-4cbd-a56a-6f5b5d35c541,101.33
93a708e2-f6b9-43a5-b44d-8d221bce4779,2023-07-14,da40198e-e83e-47b1-84c7-87a8f8d772d6,12.37
e98e16a3-79e0-4809-90de-6e7b6ce6e961,2023-05-24,ce7b1ebf-3f2e-4ca4-9003-92417283e6ab,86.07
c4658fc4-769e-499c-9295-d67364583337,2024-05-16,074a6a58-7c0d-4330-83c9-973407ac5384,132.34
41f32ed1-5efb-42d5-ba35-4a27165ea30c,2025-03-15,b2218b99-5757-4f7f-ba7c-e6f7d2de4bb4,187.81
f3ffcda1-6581-4b6e-b323-97607401ff1a,2024-07-31,1d9cc34f-688e-4271-9f12-4d4f2529a524,141.4
d3501149-210b-4cf5-a43d-376055fe875e,2025-03-31,215376ea-74ec-46cc-a595-a13591afcb62,161.21
2caf9124-0897-4f82-b087-5e02882afcf4,2024-05-22,c9094f9f-42f6-4e76-9a1d-b09828eeb7bf,92.69
ecf092af-1e24-4216-be6d-daf2fdc5da8f,2025-04-24,accc576f-3e1b-4c1a-a6cb-fe91809dd640,68.02
f193a6e9-4785-48b5-b647-cf27462df7cc,2023-09-18,d4b154f4-e92b-4d05-a9a8-54234bc79a74,17.41
bcfea563-c30f-4c4a-a4f9-61c3db034286,2024-12-28,7c6cd470-efa4-4267-bf15-1f8ee2002dbb,61.85
d33ed19f-cdd2-471d-a31e-6417576cc70c,2023-10-28,785a1b10-3e5a-45e9-bc77-aa2b40f9a49a,179.76
eb2abb8d-9310-4a28-a1c0-43cfa99bf3f2,2024-10-10,2e6062c4-59d4-417f-bcf9-2ad1f7b3a140,119.27
7104de01-afc3-4452-be8e-8229159783a3,2024-03-10,57279ab1-1e40-48eb-baf8-f99812bd253f,76.6
df84fd74-c48c-45c9-b5c2-4bcac7fae6e8,2023-07-28,2d4b1aa9-ce0e-42c4-bd82-5b06025a9548,15.86
22ee5dbf-f26e-4179-a468-72e538ab15fe,2024-02-11,26be622a-2536-4d78-9cd9-13fe3a4df4e3,144.09
e055ddee-c4e8-4579-88dd-ba28d54adc1b,2025-01-28,88f6be8f-b265-47ad-92ec-fe755c58a717,178.91
d8905d64-971d-460b-ab9d-ef1816f9ad47,2023-07-01,1d1a0849-86fd-4a1f-aeab-b3b06c665f77,179.03
0e6bc0d1-19ca-4d99-9dc4-aaa111a5890a,2024-12-08,491e8d8d-2c63-444d-84ee-b2bce4f6a8ad,46.25
c1ed1e84-9634-4d7d-b0b3-1f322640e0db,2025-05-07,31bc078b-a569-4c86-927c-58f6ecaf8c4a,19.02
bd7ec632-5056-405e-be29-3e9a52d21bd2,2023-06-20,01484ff6-b7d5-4790-812a-03669b7fa3a7,156.4
2cd454d2-19e3-4bf1-863b-7788b21ac9c0,2024-06-09,518293c8-d899-4a48-8655-c6951dd9b60c,168.51
f3f26cfb-c21b-49d3-97f6-9661fadec5a2,2024-06-13,5b227380-d28e-4918-8bd9-92a5b5c8a416,148.09
82ae6d1d-ed8b-4539-bdfb-395d8a02bb56,2023-06-21,02e8ee1e-eb4b-40de-ae78-e01f15872cff,10.69
39b7c0ea-cb88-4701-bf9a-d887a3f7143c,2023-12-11,8cafdb72-595e-4d8b-99fe-948803a5b3e5,105.32
a812f363-2da6-438b-894a-a81a71cc6a1d,2024-06-10,7f8d4003-201d-4d6b-a81c-832c79e18a8e,119.25
eabaae3e-bcec-47ce-b6fb-7e125e8610be,2023-11-28,da40198e-e83e-47b1-84c7-87a8f8d772d6,124.88
a318a054-2fe8-49d8-8c1b-ff5ae4262cfa,2023-10-26,3a3b025c-2751-4c75-a94c-2c6567141bd5,36.54
114e6d37-4360-4325-9400-36c893dd92b1,2024-09-19,491e8d8d-2c63-444d-84ee-b2bce4f6a8ad,38.8
e12153b5-887b-421f-84b8-1f1fb0f63b54,2025-04-05,bd720945-5b8b-49c0-9af1-a0fb659ff797,160.7
6947916e-2d85-4868-9601-350e4e25e06e,2024-11-25,aad990b5-3315-4769-9219-84c5ea1c54e8,188.08
545e2a93-616f-4d04-8419-f12686c263c3,2025-04-29,167e074b-f5b7-4fc7-acf5-e71ae18ddd1d,70.82
4db92151-45e0-4483-bf89-c37dfa1a2254,2024-06-16,4610ce29-5565-42fb-b782-c9b3f5de7299,139.37
8fa483ef-8e4b-43d5-8a1d-c955b50f7d01,2024-02-07,a5db0184-7f1b-4138-b05f-2f083245db21,170.83
fd7eeb3d-eed7-48e4-a037-73184e24f713,2024-08-02,074a6a58-7c0d-4330-83c9-973407ac5384,182.04
0515ed1b-81e4-43c5-b6d3-65704d4855c6,2024-08-19,57f43f6b-099c-4afa-b2d3-512e92a480b8,37.47
9f589cde-9240-49bb-998c-ae26c30a0765,2023-09-22,491e8d8d-2c63-444d-84ee-b2bce4f6a8ad,72.93
afd5dcdc-43ab-4727-8b56-1222e8a4777b,2025-03-24,c842e2e3-fdb4-4db5-8b7e-3bf8bd76466d,30.34
df5a8750-2dc8-4847-b1e9-84714cd4b5f6,2023-12-09,a0e92147-baf0-4643-b44b-3e632eb317f8,122.84
ace314c5-ef93-4352-b7e1-755b2ed19ba6,2023-07-16,3edd4b53-3cef-4f2f-8a3a-6bd3c7a6b54a,75.23
1281a8d2-20ab-4aa4-9791-5456d50983b5,2024-03-24,3f1a3c76-4897-453f-9944-fa17328187d6,22.31
a72297e6-0b55-4b81-8a92-f7c3f3abeefe,2023-09-06,4dee1975-fe4c-4dcd-8820-f69a7c11b7d6,93.06
eacda11b-79eb-4c53-b0c3-be84b936f8b2,2023-11-02,b9c9af1a-d027-42c0-8f8e-d6f735a5957c,165.22
91eb0fc6-a14b-4162-8026-4ffbca18a3ec,2024-12-01,d9d02f1c-0b39-49da-9849-415873a7cf85,23.32
e6fab15c-47d6-46fe-849a-40f9cbc957f7,2023-07-10,ed6b9f69-8cbc-43de-b046-bbb289a000c0,98.34
c47d3f87-0d41-49f3-9bb4-256d6cc1101f,2024-04-08,17382051-6db0-46bd-ab68-39adbb06310c,107.33
c845044c-d89c-42c9-8595-f1596a181f7f,2025-03-24,b9c9af1a-d027-42c0-8f8e-d6f735a5957c,52.85
d639bd35-6202-4f76-a4de-5a3a69aaa1e4,2024-09-12,55739d26-4ae4-41db-9f7e-3da25ff6243d,86.63
2d328d88-233d-480f-ad85-c4d1a2e6fcf8,2023-08-09,8cd20255-126a-4b15-a97d-a2113a8cbc95,146.5
90000af3-8431-4c1a-93f1-d99d19a425ff,2023-12-13,1b06c7aa-b1a1-4d23-9d5c-c3d79b86b56d,145.8
50a0d261-a875-4977-90f2-4885c80928d7,2023-09-11,1d9cc34f-688e-4271-9f12-4d4f2529a524,79.67
53d05ac3-18fb-45ac-9f5e-f7a4fdb1fb63,2024-05-11,c0ed215a-fc81-4daa-b928-427236a90d33,24.66
d15164b3-298f-453f-9d00-67230190e7af,2025-02-27,a66b92b3-431e-4033-ad1d-ddf5d93ddcf5,108.25
5f3fa245-f436-433f-b472-df7270f8fcba,2023-05-18,55739d26-4ae4-41db-9f7e-3da25ff6243d,89.6
779825d7-7649-48fa-80d4-3159194b910f,2023-06-10,1aea8ab9-844f-42b9-8101-ec26b7ecbff5,117.27
0c510c01-51fe-4b46-95f3-49bccf408dbd,2024-05-04,891d8ed1-6a7f-4cf7-98f6-ddc8cdb2f6af,102.06
07a3371f-7a08-43df-86bb-22141b98921c,2025-02-16,8cafdb72-595e-4d8b-99fe-948803a5b3e5,180.77
80153ac2-fe08-4ad8-9b2f-bea524409a54,2024-09-08,a66b92b3-431e-4033-ad1d-ddf5d93ddcf5,195.63
c3e54c6f-0a2a-4e6e-9cb5-20851f380333,2024-02-24,c9094f9f-42f6-4e76-9a1d-b09828eeb7bf,72.33
5d759e1b-fe8e-4656-a236-6ecd875593c3,2023-08-04,f846984b-76b0-492e-86a8-81ae175a0a2d,184.37
3fc481ab-5ff7-4007-9722-56fc0f161596,2023-05-28,dec5df9b-a2c5-4187-8936-a23b9d67bbf0,116.71
22df060f-da45-41ea-a0fc-c335f06d840a,2024-12-16,491e8d8d-2c63-444d-84ee-b2bce4f6a8ad,50.94
edb4c6b3-546a-4824-82d6-b9a747f8ee76,2024-03-16,238b1302-5b9c-4369-aa99-3b6181f27dd9,139.04
14eafcf5-f449-493e-81e6-8350b834e4a0,2024-10-19,eaece952-8869-48c7-b89f-fa65f56d0716,31.18
3687e1ce-085b-46b4-a58c-44b7935e6afa,2023-12-18,7c6cd470-efa4-4267-bf15-1f8ee2002dbb,143.68
4d52b145-22aa-4541-b438-7b038dcd6653,2024-11-19,7fe3e4dd-fa15-41ff-a994-195ac0cb8109,197.43
6561ab86-7483-4ffd-9144-d67d64c43d2e,2023-08-09,1df6617e-9081-4122-a5f9-bd650aec8736,61.5
245a40f2-d763-4c23-8f70-6f987a723bb8,2023-06-23,2b616e6f-c63c-4000-81ec-99e3186f2c29,178.7
553af210-ab69-47d6-abd3-b52dc59e066a,2023-08-15,518293c8-d899-4a48-8655-c6951dd9b60c,31.45
2683d64f-d4b4-4703-99df-41294519132b,2024-05-22,7b901a9c-26c8-4cbd-a56a-6f5b5d35c541,192.04
e01f82f3-2c17-4bc8-acbc-f10f3804d441,2024-03-21,7e93e4dd-fdb3-42c8-bd9e-d71b963833b5,42.23
3d991371-58da-4ce6-92f2-01d3c1314dc8,2024-03-24,4610ce29-5565-42fb-b782-c9b3f5de7299,122.98
80b92e85-9a8e-4711-b16c-c2aca9f620cb,2024-02-19,64fdaa9b-8f58-46be-9a6b-6c75ad3cad7b,136.84
f31b4f44-88f7-4887-8f0b-00ccfffbe39e,2023-06-04,130ffb16-8819-46d1-894c-a36fc87c56bb,193.87
22704a62-3b65-48c3-8d2a-12f0fb9ed01a,2024-06-18,807df000-847a-4131-92bd-33e4c93d9dfb,78.36
a431ee0b-b500-48cf-8811-52ebfb7c2010,2024-05-22,57c8aaa3-bfdc-41da-a37f-d67b7fbdc149,107.38
c06e86f3-0172-42a1-9196-742f4d70b914,2024-05-18,273521c9-5e1a-4514-90df-ce69f0b5d10c,23.05
95c58af7-63e5-4e2d-8afc-47f78257e7e8,2024-09-09,5494f424-1ac1-4fd0-b806-4f77c1085add,63.53
388153ef-2ef9-4bdb-aabc-400f659c4794,2023-06-28,1530b4e6-89cd-44b3-8bb3-ee86961272f2,29.28
41690073-3c49-495e-92f0-4a0f3439ad3c,2024-02-24,07accea4-6a20-4e5b-9c35-195c89c28563,169.05
3a74ee9e-2db0-4436-b203-b95760b3895d,2023-08-17,1a74e002-2ca3-4225-bf4b-410ef565cb45,59.61
65aa1e70-d610-41a2-9de8-1fa0046fb75a,2024-10-04,130ffb16-8819-46d1-894c-a36fc87c56bb,175.48
cf692f10-3d92-451f-8b73-87e96e216b69,2025-03-25,0058a4f2-0077-4177-b5aa-b4e9c2447fb9,18.34
bdcf70e1-17c2-4795-bd49-95751bb55f4a,2023-09-09,01484ff6-b7d5-4790-812a-03669b7fa3a7,66.8
64bf148e-6ee2-4571-b62a-163171af137f,2023-09-16,7e93e4dd-fdb3-42c8-bd9e-d71b963833b5,68.85
c1779583-c47a-4070-94f0-b644bbc7d048,2023-12-04,8cd20255-126a-4b15-a97d-a2113a8cbc95,111.58
d804a30b-54d9-46b3-aab6-ded235e35482,2025-03-03,27c43738-30af-499d-a28a-58b78a1fd4b3,98.17
97ac37bd-ce5a-401e-9840-ee742dcf2072,2023-11-17,cb48e2d5-2e67-4854-bc64-ccb29e75722c,189.58
e82fa0e8-9212-41bc-947d-665018f83430,2023-08-31,341e7acd-f1a5-4c8c-b651-471dc1eba59e,131.39
f54da18a-b5e7-431b-bb17-0016d158dad6,2024-05-23,518293c8-d899-4a48-8655-c6951dd9b60c,37.15
81c1de1d-6254-44cd-9679-39f70540523d,2023-06-06,891d8ed1-6a7f-4cf7-98f6-ddc8cdb2f6af,192.51
e921383b-2fbf-4ea1-8cd9-3e94b4c19341,2023-12-15,5b51ec2f-0644-4346-96b5-7790af886f88,40.17
38e9622b-e215-47b6-8571-be9891467fd0,2024-04-15,27c43738-30af-499d-a28a-58b78a1fd4b3,66.18
a6716833-a1c3-446f-94b4-f447cbf1b263,2023-05-22,95dc097a-f41a-48ec-a29a-df15cd756523,87.28
a08b123a-0416-43e2-8a63-eb051f794afe,2025-02-17,2beebe68-00cd-4a77-9ac8-d394a5109a98,170.83
f9cd73bf-b4b7-4832-8c20-fd928c63e4ab,2024-02-28,a66b92b3-431e-4033-ad1d-ddf5d93ddcf5,86.46
b5bfc062-6c6d-425d-a2ea-1c6a787933a4,2024-09-10,2a0776dc-674e-445b-8fce-0a8c320e391b,181.1
85e7907d-6110-4d84-a780-fe85228a35aa,2023-06-24,b0315359-1304-4169-af2b-543a0d4985ea,135.71
2e27579b-2791-4440-9735-226a65a8d515,2025-03-30,7f8d4003-201d-4d6b-a81c-832c79e18a8e,184.81
0906d1dc-227b-4702-a177-ba52ecbe37d7,2023-09-26,8eefd022-9442-4752-9d98-ca7c573dfbd5,87.35
5b943a40-e682-4f81-94a8-2a27a795ff8a,2023-09-19,5e4ab2e0-e199-463e-b63c-a72ce0bb3b78,70.72
9e2c8f84-69bb-4c66-93a0-b2e934dd89c3,2024-07-12,bde39c78-2cff-4e2c-b2e7-2b7e7a37e7d2,117.22
b1735b2b-bfb9-4171-b6da-959347a2a14e,2025-04-30,051a7138-6f3c-49f0-a3e7-1be1f5c97bc4,177.29
d01eb9f2-0709-4bc8-ab9d-a2f670a7295e,2024-03-31,02e8ee1e-eb4b-40de-ae78-e01f15872cff,19.44
29c13f06-1f8c-4b4c-84a9-f10af67698e5,2024-09-24,31bc078b-a569-4c86-927c-58f6ecaf8c4a,186.36
a0da700b-394d-4744-aba0-31b99b15c57b,2023-09-18,2e6062c4-59d4-417f-bcf9-2ad1f7b3a140,60.43
758041a2-964d-4902-a0ca-657237ed3fcd,2023-08-01,9e7e938f-8618-489e-b65e-fc3b70761156,89.21
b6845fde-13ef-4d16-945f-6a67a43081fc,2024-01-28,5de4a113-d72c-4ca9-a3bc-47d06804a627,159.96
671bd224-e71d-4d3e-9fe8-de9348911637,2024-12-09,8dec112c-7a18-437a-89b3-91edf8bf1bac,134.63
08b0e5cf-5cb7-43e9-a9ff-51e988de50e3,2024-11-30,d9d02f1c-0b39-49da-9849-415873a7cf85,39.73
30f38da5-494e-4db0-a227-f6ca7bf0c842,2024-10-18,449eb337-96c9-4550-9724-ddf146972d28,154.26
4bb5f2ff-3a96-4145-8daf-94aeac657b20,2023-05-16,1aea8ab9-844f-42b9-8101-ec26b7ecbff5,14.86
df82eefb-0b30-46fb-998c-914de8b266ca,2024-12-12,cdf3e700-b4d1-4d21-9fb2-c235a4ae0a82,152.44
3adbf6e0-06ca-42d8-b0f8-829ddf0e1731,2023-07-26,3f1a3c76-4897-453f-9944-fa17328187d6,98.09
319a3dab-2e96-4670-943c-5625379b30f1,2024-07-20,e45f0321-abd2-4bf8-a0e8-ac70b60ce5aa,165.8
352e4323-efd7-47d0-ae88-c16598649797,2025-02-14,dec5df9b-a2c5-4187-8936-a23b9d67bbf0,105.13
6dc000fa-69e9-47f5-a327-48cda309f4b3,2025-01-27,3a3b025c-2751-4c75-a94c-2c6567141bd5,31.29
032d2d1a-7c0c-4208-87b9-0d02cfd868a2,2024-05-05,891d8ed1-6a7f-4cf7-98f6-ddc8cdb2f6af,175.54
afc1f86b-fbc4-4afe-9b7f-3a0ff8ca3451,2025-01-15,1078cd0c-2554-4893-a546-5bb22b85e469,90.86
4aeab1cf-dd9d-4dc5-8c2d-201414aaff40,2023-07-11,cb48e2d5-2e67-4854-bc64-ccb29e75722c,141.42
bdc8565d-70f9-4847-9244-b3d97e9383f6,2023-09-24,3377e2b3-908d-4523-a713-68aa1dd51150,143.29
2c405e51-30a0-4777-8778-e4b99acccdef,2023-12-18,31bc078b-a569-4c86-927c-58f6ecaf8c4a,175.63
ca40c0bb-2a98-4901-9db9-74ee7c418dc4,2024-01-04,380b04c3-7e30-4546-8f66-0c615e340d3e,137.72
a2c804c8-6925-4cdb-8885-b74a92287fd5,2024-04-06,58ea5d32-2634-4e44-a228-5db99e059909,23.33
acdb46ee-fc55-4359-879a-13702ae01062,2023-07-09,2beebe68-00cd-4a77-9ac8-d394a5109a98,98.24
a9b173f3-890d-4851-8ba9-77c35bafff13,2023-05-11,a0e92147-baf0-4643-b44b-3e632eb317f8,50.95
b75b758d-f465-4f5f-bb04-11630b939083,2024-09-21,25e0c421-1cf5-4f3d-8248-aab5a5bdf2c0,106.4
da1a33ae-1aa7-46fc-847f-7fbe9cb94e6d,2024-04-15,2a0776dc-674e-445b-8fce-0a8c320e391b,27.07
c9177ff6-ff98-4b95-b5fc-652db6503baf,2023-07-02,bde39c78-2cff-4e2c-b2e7-2b7e7a37e7d2,16.05
a81b1f27-4f7f-4570-878b-e2de3eacad6b,2023-06-25,7e93e4dd-fdb3-42c8-bd9e-d71b963833b5,74.19
78f83f65-bc60-4cb1-9cb0-43cfae8273ee,2024-11-22,b5679a67-41b0-4944-9443-6f3734db2045,175.37
f3c9dcb6-4775-4e9f-aaa9-948f0eff1edd,2023-07-19,dec5df9b-a2c5-4187-8936-a23b9d67bbf0,125.35
84e0b0cd-936c-475a-b30f-eba854d1bcc1,2024-04-27,2beebe68-00cd-4a77-9ac8-d394a5109a98,180.42
937f159f-9a04-469c-84a8-4b2affba2903,2024-09-19,85343c56-b887-431a-903b-a88af811b89c,73.29
3f313af7-b34a-4198-bccf-51ce83faa533,2025-02-08,891d8ed1-6a7f-4cf7-98f6-ddc8cdb2f6af,148.75
b68b5a05-f02e-49e0-8e5a-29577411241d,2025-02-05,57279ab1-1e40-48eb-baf8-f99812bd253f,76.73
c0a415f0-e15a-4161-ad2a-c2c2316aa45d,2024-07-13,3edd4b53-3cef-4f2f-8a3a-6bd3c7a6b54a,151.73
8776b68e-f1a3-424f-a0cb-d6d6dfe21661,2024-08-28,cd5a1c8b-f9cc-4d68-82f0-1c959a75526c,130.92
c1938921-86d5-4e39-83fe-64d697603afb,2024-03-05,88f6be8f-b265-47ad-92ec-fe755c58a717,10.11
9613ce31-85a9-446b-8412-66526c138d1c,2024-01-14,3891d984-2cda-444f-8d91-1e95e7c76e39,106.83
51be1855-d9f6-4d34-b2c9-995c6e5fd6c5,2023-09-19,fb84ca54-eaa8-44e4-846b-d7c81a321d02,49.88
c4b00832-cba0-4b47-b9da-3f09c7eaa37f,2023-09-26,7fe3e4dd-fa15-41ff-a994-195ac0cb8109,190.03
cfcfb57d-4dc5-47d4-8faf-c9bb56e9d713,2024-10-14,3891d984-2cda-444f-8d91-1e95e7c76e39,129.92
edcd611d-0008-4719-8239-67511034147d,2025-04-21,4d8108b8-bfa4-40e2-97e4-7424c663196b,176.96
0163ef72-a3f0-4fdf-9ba4-ce0359a6c619,2023-11-19,6e2bb97a-adca-4960-bb8c-cdc03f00ce7a,124.82
946cb513-8893-4236-a2c3-9939b45951fa,2023-11-23,27c43738-30af-499d-a28a-58b78a1fd4b3,177.73
f0832bfd-d283-4b6b-890a-1da9bdb38f56,2025-04-02,3891d984-2cda-444f-8d91-1e95e7c76e39,158.64
438f4bd2-d809-43c6-9cf1-5cf4618f1314,2024-01-24,accc576f-3e1b-4c1a-a6cb-fe91809dd640,119.89
61950901-28c0-4e82-a19e-11a76029d22a,2023-05-27,6e2bb97a-adca-4960-bb8c-cdc03f00ce7a,139.85
99f8228c-a8d3-4b4f-b26e-0547c288e473,2023-05-18,85343c56-b887-431a-903b-a88af811b89c,147.1
52ed8402-a35d-4d88-a013-ca1229e12013,2023-11-08,5b227380-d28e-4918-8bd9-92a5b5c8a416,10.22
74869848-fba0-4a68-9697-b9fd11c9e5ea,2023-11-08,88f6be8f-b265-47ad-92ec-fe755c58a717,77.36
da389723-b333-4801-bfd3-cbab766dab1c,2023-08-27,b86549e5-52d2-48f8-b85e-af444efcd487,154.04
fdd98841-a925-425c-8d25-ea471f7d26f6,2024-09-13,a9c7e087-c36e-4e5b-9e63-c59b60dfb8dc,185.06
a6d9cfce-28de-4886-a374-510f37a26af3,2023-11-21,1a74e002-2ca3-4225-bf4b-410ef565cb45,50.89
a71c6901-d9d3-4898-b145-4839b67554b1,2023-12-08,4d8108b8-bfa4-40e2-97e4-7424c663196b,177.29
7cca9609-122e-4357-ab88-f4942ebc3f1e,2024-10-12,130ffb16-8819-46d1-894c-a36fc87c56bb,127.55
cae7245f-d8b9-4c82-8183-e5d4dc6021d5,2023-05-29,4dee1975-fe4c-4dcd-8820-f69a7c11b7d6,181.53
bd627578-dab6-4373-8d1a-a7d4a43f1244,2024-11-18,3a3b025c-2751-4c75-a94c-2c6567141bd5,191.21
cf809991-6647-4789-85fc-fa4c76f30a48,2023-12-02,7b3a3bf9-f3fb-4d55-a617-04ad6d85e972,91.75
ba5acac2-eee0-43a9-9851-57b5bb552f0e,2024-04-16,5e4ab2e0-e199-463e-b63c-a72ce0bb3b78,161.46
6f667f2d-fe38-4325-9623-6bd36f6be178,2024-11-24,7c6cd470-efa4-4267-bf15-1f8ee2002dbb,116.67
f7730a6c-fd50-49b2-9f70-a31475587560,2023-10-15,17b6a042-be9c-4101-b2d9-1934b5bfca07,89.94
6efb8041-4ac6-49f9-8b1a-e477bd69ea51,2024-02-02,2b616e6f-c63c-4000-81ec-99e3186f2c29,178.66
c66f5033-6101-4e7c-ab2c-1f99b5362bdc,2024-01-07,16cd07c3-cd2f-45a0-8695-49a92eb3276d,135.72
7d066a59-c298-458b-9114-23e2bdd90994,2024-12-06,25e0c421-1cf5-4f3d-8248-aab5a5bdf2c0,164.41
cc8849b8-04ab-44f6-8ffd-a9f4fb8c07de,2023-06-18,785a1b10-3e5a-45e9-bc77-aa2b40f9a49a,24.04
2ab381b0-529d-4b1b-93ab-a7d5394426a8,2024-11-13,a87901e7-53e2-47d0-9577-3b66566ed432,24.24
79a17459-26f8-4c7c-a206-9d56cd3ddb0b,2024-02-19,1078cd0c-2554-4893-a546-5bb22b85e469,13.75
a22bce6a-f144-478c-b99f-0fba89e7b466,2024-01-21,8eefd022-9442-4752-9d98-ca7c573dfbd5,119.06
3c5c8e83-dd8e-4092-919d-b8cbd356b4e2,2023-07-15,85343c56-b887-431a-903b-a88af811b89c,44.74
04802d5c-b3a0-437a-907f-a08f3d75d5fc,2024-10-03,28b18d8b-33c0-4dfd-8056-764f3e7c7d63,92.21
67292696-6a38-4df0-b266-5f114475eb86,2025-04-22,8cafdb72-595e-4d8b-99fe-948803a5b3e5,55.32
2a2e8aaa-d869-4c99-ba24-609946155c07,2024-02-15,1078cd0c-2554-4893-a546-5bb22b85e469,134.02
a182de3c-4098-40a4-8356-bf95266b8146,2023-12-23,b2218b99-5757-4f7f-ba7c-e6f7d2de4bb4,60.66
e976e003-ae58-47ad-a821-bba28ac12607,2024-04-03,4610ce29-5565-42fb-b782-c9b3f5de7299,127.16
d2656313-ddff-45eb-8933-f9f4f146f593,2025-01-27,2d4b1aa9-ce0e-42c4-bd82-5b06025a9548,20.74
a51e25bc-0dd2-407c-ba39-210efabc4222,2024-05-19,6f101de3-696a-47df-a151-0f5058a5d293,143.81
552e4845-9a7b-44e1-98e7-b2e4f27a46c6,2023-11-24,710ad339-6e75-4866-976d-be0d9d03fc51,86.39
13a93359-d536-43c2-807b-9b9db76754a7,2024-04-08,5da84e1f-06e4-47e7-be1d-4e71ece59381,115.63
9b8d332b-e01d-424b-bf03-6e659b66aaa3,2024-11-29,c7cd7f58-08e0-4db0-bf02-f0dc262a6108,32.67
bc345bff-501d-4ee0-b96e-b69a4ddc9315,2023-10-06,27569e41-2504-408d-8045-563f37a628e8,98.12
845ee134-6326-4658-a7c4-f829e7c19996,2024-07-06,1d9cc34f-688e-4271-9f12-4d4f2529a524,87.04
b5243c2c-8afd-4432-b553-7eb1c989a5e8,2024-01-24,9f9a40f5-3e74-4d47-bd07-7e5035f03a71,163.22
7d292565-1c68-4bee-8a8c-c417a4d8cb59,2024-06-04,3377e2b3-908d-4523-a713-68aa1dd51150,126.73
0f00fa5a-321d-4f35-b4df-eb806faaad6e,2023-07-30,449eb337-96c9-4550-9724-ddf146972d28,176.02
8d73e7aa-5a74-481b-a12e-b80a33f86bab,2024-10-08,710ad339-6e75-4866-976d-be0d9d03fc51,198.49
0a99ba8e-50c9-4e93-b676-49517d7442cc,2024-10-14,1530b4e6-89cd-44b3-8bb3-ee86961272f2,159.43
27b1844e-1ebe-4ca3-86e1-05ebf4a4589e,2023-05-24,5b51ec2f-0644-4346-96b5-7790af886f88,189.3
512e492d-9bbd-462d-90ad-8874695cc2b2,2024-05-20,3edd4b53-3cef-4f2f-8a3a-6bd3c7a6b54a,191.65
5813a154-f8e4-4e3e-80c4-4633694b0481,2025-02-21,1d1a0849-86fd-4a1f-aeab-b3b06c665f77,47.69
c7915c03-c230-4c7d-a829-8b2ec4428942,2024-10-26,7fe3e4dd-fa15-41ff-a994-195ac0cb8109,164.47
a5248017-b75e-468e-aead-a152168d33ad,2024-03-06,1909464a-5f4f-4bef-af4f-495a59a74a76,12.49
ca7b23c9-e618-4d2d-96cb-44c8d76684e4,2025-02-13,891d8ed1-6a7f-4cf7-98f6-ddc8cdb2f6af,69.48
83fae786-7072-4dbc-bc95-e86c815047d1,2025-03-30,5494f424-1ac1-4fd0-b806-4f77c1085add,183.87
00bf1a88-3f68-449e-b5cc-d8323a0cfc81,2023-12-20,c7cd7f58-08e0-4db0-bf02-f0dc262a6108,99.94
2587c170-dd97-4dea-94ad-3de298ca735c,2024-01-08,28b18d8b-33c0-4dfd-8056-764f3e7c7d63,180.11
049fc666-5728-481c-8882-0fafdfc63748,2024-04-26,1530b4e6-89cd-44b3-8bb3-ee86961272f2,22.52
663dd3b1-ef44-4bc0-bdc1-622d16a00b28,2023-08-09,8dec112c-7a18-437a-89b3-91edf8bf1bac,194.3
fc7a6678-94d2-4f6c-ba4f-c94a30cad2ef,2024-02-08,57f43f6b-099c-4afa-b2d3-512e92a480b8,172.82
5201b5ac-add5-45e8-b69a-7a1d5b869674,2023-07-01,b86549e5-52d2-48f8-b85e-af444efcd487,132.33
88c1f405-0f53-456d-94c4-29920abf3652,2025-04-19,58ea5d32-2634-4e44-a228-5db99e059909,40.49
bec4cbde-9bda-4eb3-9793-befb4e28a4dd,2024-11-09,5da84e1f-06e4-47e7-be1d-4e71ece59381,109.89
31c09908-317e-4103-a2a1-7f9d19ff9d27,2025-03-10,1df6617e-9081-4122-a5f9-bd650aec8736,124.91
19c09e51-c9f8-43a0-ac4c-6dc583e88f85,2024-01-31,6e2bb97a-adca-4960-bb8c-cdc03f00ce7a,133.13
290606b0-bb8f-4a76-be3a-be8063c7358f,2024-06-12,449eb337-96c9-4550-9724-ddf146972d28,144.92
df9fa6c2-315f-4a90-a3c6-4ec7ae99390c,2023-08-04,57279ab1-1e40-48eb-baf8-f99812bd253f,61.03
8cb36b78-ae58-4763-8503-df92f7abfc3c,2024-03-03,6da0a997-675d-4993-a4ec-d0388478c93b,195.29
3b813de8-d3e1-4e82-b750-ac2af6ca3ab6,2025-01-28,b5679a67-41b0-4944-9443-6f3734db2045,80.53
947a70ba-841f-4af2-b3bb-3009d16643fa,2024-05-19,9e7e938f-8618-489e-b65e-fc3b70761156,17.23
